"","Codigo","Companhia","Ano","Porcentagem.Conselheiros"
"1",1,"BANCO DO BRASIL S.A.","2017",NA
"2",1,"BANCO DO BRASIL S.A.","2016",0
"3",1,"BANCO DO BRASIL S.A.","2015",0
"4",1,"BANCO DO BRASIL S.A.","2014",1
"5",1,"BANCO DO BRASIL S.A.","2013",0
"6",1,"BANCO DO BRASIL S.A.","2012",NA
"7",1,"BANCO DO BRASIL S.A.","2011",NA
"8",2,"ALPARGATAS SA","2017",NA
"9",2,"ALPARGATAS SA","2016",0
"10",3,"SARAIVA SA LIVREIROS EDITORES","2017",NA
"11",3,"SARAIVA SA LIVREIROS EDITORES","2016",1.5
"12",3,"SARAIVA SA LIVREIROS EDITORES","2015",1.5
"13",3,"SARAIVA SA LIVREIROS EDITORES","2014",0.5
"14",3,"SARAIVA SA LIVREIROS EDITORES","2013",0
"15",3,"SARAIVA SA LIVREIROS EDITORES","2012",NA
"16",3,"SARAIVA SA LIVREIROS EDITORES","2011",NA
"17",3,"SARAIVA SA LIVREIROS EDITORES","2010",NA
"18",8,"BANCO DO ESTADO DE SERGIPE SA","2016",NA
"19",14,"OI S.A. - EM RECUPERAÇÃO JUDICIAL","2017",NA
"20",14,"OI S.A. - EM RECUPERAÇÃO JUDICIAL","2016",0
"21",17,"BANESTES SA BANCO DO ESTADO DO ESPIRITO SANTO","2017",NA
"22",17,"BANESTES SA BANCO DO ESTADO DO ESPIRITO SANTO","2016",2
"23",17,"BANESTES SA BANCO DO ESTADO DO ESPIRITO SANTO","2015",2
"24",17,"BANESTES SA BANCO DO ESTADO DO ESPIRITO SANTO","2014",4
"25",17,"BANESTES SA BANCO DO ESTADO DO ESPIRITO SANTO","2013",0
"26",17,"BANESTES SA BANCO DO ESTADO DO ESPIRITO SANTO","2012",NA
"27",17,"BANESTES SA BANCO DO ESTADO DO ESPIRITO SANTO","2010",NA
"28",18,"UNIPAR CARBOCLORO S.A.","2017",NA
"29",18,"UNIPAR CARBOCLORO S.A.","2016",2
"30",19,"BANCO DO ESTADO DO PARÁ S/A.","2017",NA
"31",19,"BANCO DO ESTADO DO PARÁ S/A.","2016",1
"32",19,"BANCO DO ESTADO DO PARÁ S/A.","2015",1
"33",20,"VULCABRAS|AZALEIA S.A.","2012",NA
"34",20,"VULCABRAS|AZALEIA S.A.","2011",NA
"35",20,"VULCABRAS|AZALEIA S.A.","2010",NA
"36",22,"IOCHPE-MAXION SA","2017",NA
"37",22,"IOCHPE-MAXION SA","2016",3.5
"38",22,"IOCHPE-MAXION SA","2015",0
"39",22,"IOCHPE-MAXION SA","2014",4
"40",22,"IOCHPE-MAXION SA","2013",0
"41",22,"IOCHPE-MAXION SA","2012",NA
"42",22,"IOCHPE-MAXION SA","2011",NA
"43",22,"IOCHPE-MAXION SA","2010",NA
"44",25,"BANCO DO ESTADO DO RIO GRANDE DO SUL SA","2017",NA
"45",25,"BANCO DO ESTADO DO RIO GRANDE DO SUL SA","2016",0.333333333333333
"46",25,"BANCO DO ESTADO DO RIO GRANDE DO SUL SA","2015",0.666666666666667
"47",25,"BANCO DO ESTADO DO RIO GRANDE DO SUL SA","2014",0.25
"48",25,"BANCO DO ESTADO DO RIO GRANDE DO SUL SA","2013",0
"49",25,"BANCO DO ESTADO DO RIO GRANDE DO SUL SA","2012",NA
"50",25,"BANCO DO ESTADO DO RIO GRANDE DO SUL SA","2011",NA
"51",25,"BANCO DO ESTADO DO RIO GRANDE DO SUL SA","2010",NA
"52",29,"BANCO DO NORDESTE DO BRASIL SA","2017",NA
"53",31,"ITAUTEC S.A. - GRUPO ITAUTEC","2012",NA
"54",31,"ITAUTEC S.A. - GRUPO ITAUTEC","2011",NA
"55",31,"ITAUTEC S.A. - GRUPO ITAUTEC","2010",NA
"56",33,"KLABIN S.A.","2017",NA
"57",33,"KLABIN S.A.","2016",0
"58",33,"KLABIN S.A.","2015",0
"59",33,"KLABIN S.A.","2014",6
"60",33,"KLABIN S.A.","2013",0
"61",33,"KLABIN S.A.","2012",NA
"62",33,"KLABIN S.A.","2011",NA
"63",33,"KLABIN S.A.","2010",NA
"64",35,"FIBRIA CELULOSE S.A.","2017",NA
"65",35,"FIBRIA CELULOSE S.A.","2016",0
"66",35,"FIBRIA CELULOSE S.A.","2015",0
"67",35,"FIBRIA CELULOSE S.A.","2014",2.5
"68",35,"FIBRIA CELULOSE S.A.","2013",NA
"69",35,"FIBRIA CELULOSE S.A.","2012",NA
"70",35,"FIBRIA CELULOSE S.A.","2011",NA
"71",35,"FIBRIA CELULOSE S.A.","2010",NA
"72",38,"CONST SULTEPA SA - EM RECUPERAÇÃO JUDICIAL","2013",NA
"73",38,"CONST SULTEPA SA - EM RECUPERAÇÃO JUDICIAL","2012",NA
"74",38,"CONST SULTEPA SA - EM RECUPERAÇÃO JUDICIAL","2011",NA
"75",38,"CONST SULTEPA SA - EM RECUPERAÇÃO JUDICIAL","2010",NA
"76",40,"BANCO MERCANTIL BRASIL SA","2017",NA
"77",40,"BANCO MERCANTIL BRASIL SA","2016",1
"78",40,"BANCO MERCANTIL BRASIL SA","2015",1
"79",40,"BANCO MERCANTIL BRASIL SA","2014",0
"80",40,"BANCO MERCANTIL BRASIL SA","2013",0
"81",40,"BANCO MERCANTIL BRASIL SA","2012",NA
"82",40,"BANCO MERCANTIL BRASIL SA","2011",NA
"83",40,"BANCO MERCANTIL BRASIL SA","2010",NA
"84",48,"PBG S/A","2017",NA
"85",48,"PBG S/A","2016",0
"86",48,"PBG S/A","2015",0
"87",48,"PBG S/A","2014",0
"88",48,"PBG S/A","2013",0
"89",48,"PBG S/A","2012",NA
"90",48,"PBG S/A","2011",NA
"91",48,"PBG S/A","2010",NA
"92",49,"SÃO CARLOS EMPREENDS E PARTICIPAÇÕES S.A","2017",NA
"93",49,"SÃO CARLOS EMPREENDS E PARTICIPAÇÕES S.A","2016",3
"94",49,"SÃO CARLOS EMPREENDS E PARTICIPAÇÕES S.A","2015",3
"95",49,"SÃO CARLOS EMPREENDS E PARTICIPAÇÕES S.A","2014",5
"96",49,"SÃO CARLOS EMPREENDS E PARTICIPAÇÕES S.A","2013",0
"97",49,"SÃO CARLOS EMPREENDS E PARTICIPAÇÕES S.A","2012",NA
"98",49,"SÃO CARLOS EMPREENDS E PARTICIPAÇÕES S.A","2011",NA
"99",49,"SÃO CARLOS EMPREENDS E PARTICIPAÇÕES S.A","2010",NA
"100",50,"BANCO ALFA DE INVESTIMENTO SA","2010",NA
"101",52,"SUZANO PAPEL E CELULOSE SA","2017",NA
"102",52,"SUZANO PAPEL E CELULOSE SA","2016",2.75
"103",58,"ELETROPAULO METROPOLITANA EL.S.PAULO S.A","2017",NA
"104",58,"ELETROPAULO METROPOLITANA EL.S.PAULO S.A","2016",0.2
"105",58,"ELETROPAULO METROPOLITANA EL.S.PAULO S.A","2015",0
"106",58,"ELETROPAULO METROPOLITANA EL.S.PAULO S.A","2014",0
"107",58,"ELETROPAULO METROPOLITANA EL.S.PAULO S.A","2013",0
"108",58,"ELETROPAULO METROPOLITANA EL.S.PAULO S.A","2012",NA
"109",58,"ELETROPAULO METROPOLITANA EL.S.PAULO S.A","2011",NA
"110",58,"ELETROPAULO METROPOLITANA EL.S.PAULO S.A","2010",NA
"111",59,"BRB-BANCO DE BRASILIA SA","2017",NA
"112",62,"COMPANHIA PARANAENSE DE ENERGIA","2017",NA
"113",62,"COMPANHIA PARANAENSE DE ENERGIA","2016",0
"114",62,"COMPANHIA PARANAENSE DE ENERGIA","2015",0
"115",62,"COMPANHIA PARANAENSE DE ENERGIA","2014",0
"116",62,"COMPANHIA PARANAENSE DE ENERGIA","2013",0
"117",62,"COMPANHIA PARANAENSE DE ENERGIA","2012",NA
"118",62,"COMPANHIA PARANAENSE DE ENERGIA","2011",NA
"119",62,"COMPANHIA PARANAENSE DE ENERGIA","2010",NA
"120",63,"USINAS SIDERURGICAS DE MINAS GERAIS SA","2017",NA
"121",63,"USINAS SIDERURGICAS DE MINAS GERAIS SA","2016",0.666666666666667
"122",63,"USINAS SIDERURGICAS DE MINAS GERAIS SA","2015",0
"123",64,"WHIRLPOOL S.A","2017",NA
"124",64,"WHIRLPOOL S.A","2016",7
"125",64,"WHIRLPOOL S.A","2015",0
"126",65,"CIA ENERGÉTICA DE PERNAMBUCO - CELPE","2014",NA
"127",67,"CIA SANEAMENTO BÁSICO ESTADO SÃO PAULO","2017",NA
"128",67,"CIA SANEAMENTO BÁSICO ESTADO SÃO PAULO","2016",3
"129",67,"CIA SANEAMENTO BÁSICO ESTADO SÃO PAULO","2015",3
"130",67,"CIA SANEAMENTO BÁSICO ESTADO SÃO PAULO","2014",2.4
"131",67,"CIA SANEAMENTO BÁSICO ESTADO SÃO PAULO","2013",0
"132",67,"CIA SANEAMENTO BÁSICO ESTADO SÃO PAULO","2012",NA
"133",67,"CIA SANEAMENTO BÁSICO ESTADO SÃO PAULO","2011",NA
"134",67,"CIA SANEAMENTO BÁSICO ESTADO SÃO PAULO","2010",NA
"135",69,"CYRELA BRAZIL REALTY SA EMPRS E PARTS","2017",NA
"136",69,"CYRELA BRAZIL REALTY SA EMPRS E PARTS","2016",3.5
"137",69,"CYRELA BRAZIL REALTY SA EMPRS E PARTS","2015",2
"138",69,"CYRELA BRAZIL REALTY SA EMPRS E PARTS","2014",3
"139",69,"CYRELA BRAZIL REALTY SA EMPRS E PARTS","2013",0
"140",69,"CYRELA BRAZIL REALTY SA EMPRS E PARTS","2012",NA
"141",69,"CYRELA BRAZIL REALTY SA EMPRS E PARTS","2011",NA
"142",69,"CYRELA BRAZIL REALTY SA EMPRS E PARTS","2010",NA
"143",73,"ENERGISA MATO GROSSO - DISTRIBUIDORA DE ENERGIA S.A.","2017",NA
"144",73,"ENERGISA MATO GROSSO - DISTRIBUIDORA DE ENERGIA S.A.","2016",2
"145",73,"ENERGISA MATO GROSSO - DISTRIBUIDORA DE ENERGIA S.A.","2015",2
"146",73,"ENERGISA MATO GROSSO - DISTRIBUIDORA DE ENERGIA S.A.","2014",1.66666666666667
"147",73,"ENERGISA MATO GROSSO - DISTRIBUIDORA DE ENERGIA S.A.","2013",0
"148",75,"NET SERVIÇOS DE COMUNICAÇÃO S.A.","2011",NA
"149",75,"NET SERVIÇOS DE COMUNICAÇÃO S.A.","2010",NA
"150",78,"CIA HERING","2017",NA
"151",78,"CIA HERING","2016",2.8
"152",78,"CIA HERING","2015",0
"153",78,"CIA HERING","2014",3.2
"154",78,"CIA HERING","2013",0
"155",78,"CIA HERING","2012",NA
"156",78,"CIA HERING","2011",NA
"157",78,"CIA HERING","2010",NA
"158",81,"COMPANHIA BRASILEIRA DE DISTRIBUIÇÃO","2017",NA
"159",81,"COMPANHIA BRASILEIRA DE DISTRIBUIÇÃO","2016",3.33333333333333
"160",81,"COMPANHIA BRASILEIRA DE DISTRIBUIÇÃO","2015",3.33333333333333
"161",81,"COMPANHIA BRASILEIRA DE DISTRIBUIÇÃO","2014",2.5
"162",81,"COMPANHIA BRASILEIRA DE DISTRIBUIÇÃO","2013",0
"163",81,"COMPANHIA BRASILEIRA DE DISTRIBUIÇÃO","2012",NA
"164",83,"CIA ENERG CEARA - COELCE","2015",NA
"165",83,"CIA ENERG CEARA - COELCE","2014",0
"166",83,"CIA ENERG CEARA - COELCE","2013",0
"167",83,"CIA ENERG CEARA - COELCE","2012",NA
"168",83,"CIA ENERG CEARA - COELCE","2011",NA
"169",90,"ENERGISA SA","2017",NA
"170",90,"ENERGISA SA","2016",3.5
"171",90,"ENERGISA SA","2015",0
"172",90,"ENERGISA SA","2014",4
"173",90,"ENERGISA SA","2013",0
"174",90,"ENERGISA SA","2012",NA
"175",90,"ENERGISA SA","2011",NA
"176",90,"ENERGISA SA","2010",NA
"177",100,"NEOENERGIA S.A","2016",NA
"178",102,"COMPANHIA DE GÁS DE SÃO PAULO - COMGÁS","2015",NA
"179",106,"SHOPPING CENTER TACARUNA SA","2017",NA
"180",106,"SHOPPING CENTER TACARUNA SA","2016",0
"181",106,"SHOPPING CENTER TACARUNA SA","2015",0
"182",106,"SHOPPING CENTER TACARUNA SA","2014",0
"183",106,"SHOPPING CENTER TACARUNA SA","2013",NA
"184",106,"SHOPPING CENTER TACARUNA SA","2012",NA
"185",106,"SHOPPING CENTER TACARUNA SA","2011",NA
"186",106,"SHOPPING CENTER TACARUNA SA","2010",NA
"187",109,"GAFISA SA","2017",NA
"188",109,"GAFISA SA","2016",0
"189",109,"GAFISA SA","2015",1.5
"190",109,"GAFISA SA","2014",3.5
"191",109,"GAFISA SA","2013",0
"192",109,"GAFISA SA","2012",NA
"193",109,"GAFISA SA","2011",NA
"194",109,"GAFISA SA","2010",NA
"195",115,"BRF S.A.","2017",NA
"196",115,"BRF S.A.","2016",0
"197",115,"BRF S.A.","2015",0.857142857142857
"198",115,"BRF S.A.","2014",2
"199",115,"BRF S.A.","2013",0
"200",115,"BRF S.A.","2012",NA
"201",115,"BRF S.A.","2011",NA
"202",115,"BRF S.A.","2010",NA
"203",116,"ROSSI RESIDENCIAL SA","2017",NA
"204",116,"ROSSI RESIDENCIAL SA","2016",0
"205",116,"ROSSI RESIDENCIAL SA","2015",3
"206",116,"ROSSI RESIDENCIAL SA","2014",1.5
"207",116,"ROSSI RESIDENCIAL SA","2013",0
"208",116,"ROSSI RESIDENCIAL SA","2012",NA
"209",116,"ROSSI RESIDENCIAL SA","2011",NA
"210",116,"ROSSI RESIDENCIAL SA","2010",NA
"211",118,"CIA ESTADUAL DE ÁGUAS E ESGOTOS - CEDAE","2017",NA
"212",118,"CIA ESTADUAL DE ÁGUAS E ESGOTOS - CEDAE","2016",0
"213",118,"CIA ESTADUAL DE ÁGUAS E ESGOTOS - CEDAE","2015",0
"214",118,"CIA ESTADUAL DE ÁGUAS E ESGOTOS - CEDAE","2014",0
"215",118,"CIA ESTADUAL DE ÁGUAS E ESGOTOS - CEDAE","2013",0
"216",119,"TAM S.A.","2010",NA
"217",129,"CIA. DISTRIB. DE GÁS DO RIO DE JANEIRO","2017",NA
"218",129,"CIA. DISTRIB. DE GÁS DO RIO DE JANEIRO","2016",2.25
"219",129,"CIA. DISTRIB. DE GÁS DO RIO DE JANEIRO","2015",2.66666666666667
"220",131,"GPC PARTICIPACOES SA","2010",NA
"221",132,"PORTO SEGURO SA","2017",NA
"222",132,"PORTO SEGURO SA","2016",6
"223",132,"PORTO SEGURO SA","2015",6
"224",132,"PORTO SEGURO SA","2014",3.5
"225",132,"PORTO SEGURO SA","2013",0
"226",132,"PORTO SEGURO SA","2012",NA
"227",132,"PORTO SEGURO SA","2011",NA
"228",132,"PORTO SEGURO SA","2010",NA
"229",137,"PRÓ METALURGIA SA - EM LIQUIDAÇÃO EXTRAJUDICIAL","2011",NA
"230",137,"PRÓ METALURGIA SA - EM LIQUIDAÇÃO EXTRAJUDICIAL","2010",NA
"231",138,"CIA CAT. DE ÁGUAS E SANEAMENTO - CASAN","2017",NA
"232",138,"CIA CAT. DE ÁGUAS E SANEAMENTO - CASAN","2013",0
"233",138,"CIA CAT. DE ÁGUAS E SANEAMENTO - CASAN","2012",NA
"234",138,"CIA CAT. DE ÁGUAS E SANEAMENTO - CASAN","2011",NA
"235",143,"EMAE-EMP.METROPOLITANA ÁGUAS ENERGIA S.A","2017",NA
"236",143,"EMAE-EMP.METROPOLITANA ÁGUAS ENERGIA S.A","2016",0.5
"237",144,"ENGIE BRASIL ENERGIA S.A.","2017",NA
"238",144,"ENGIE BRASIL ENERGIA S.A.","2016",3
"239",144,"ENGIE BRASIL ENERGIA S.A.","2015",3.5
"240",144,"ENGIE BRASIL ENERGIA S.A.","2014",6
"241",144,"ENGIE BRASIL ENERGIA S.A.","2013",0
"242",144,"ENGIE BRASIL ENERGIA S.A.","2012",NA
"243",144,"ENGIE BRASIL ENERGIA S.A.","2011",NA
"244",151,"RUMO S.A.","2017",NA
"245",151,"RUMO S.A.","2016",0.75
"246",151,"RUMO S.A.","2015",0
"247",151,"RUMO S.A.","2012",1.33333333333333
"248",151,"RUMO S.A.","2011",NA
"249",151,"RUMO S.A.","2010",NA
"250",152,"ELEKTRO REDES S.A.","2017",NA
"251",152,"ELEKTRO REDES S.A.","2016",0
"252",152,"ELEKTRO REDES S.A.","2015",0
"253",152,"ELEKTRO REDES S.A.","2014",0
"254",152,"ELEKTRO REDES S.A.","2013",0
"255",152,"ELEKTRO REDES S.A.","2012",NA
"256",152,"ELEKTRO REDES S.A.","2011",NA
"257",158,"TIM PARTICIPAÇÕES SA","2017",NA
"258",158,"TIM PARTICIPAÇÕES SA","2016",3
"259",158,"TIM PARTICIPAÇÕES SA","2015",3
"260",158,"TIM PARTICIPAÇÕES SA","2014",12.5
"261",158,"TIM PARTICIPAÇÕES SA","2013",0
"262",158,"TIM PARTICIPAÇÕES SA","2012",NA
"263",158,"TIM PARTICIPAÇÕES SA","2011",NA
"264",158,"TIM PARTICIPAÇÕES SA","2010",NA
"265",161,"TELEFÔNICA BRASIL S.A.","2016",NA
"266",167,"SANTOS BRASIL PARTICIPAÇÕES S.A.","2017",NA
"267",167,"SANTOS BRASIL PARTICIPAÇÕES S.A.","2016",0.333333333333333
"268",167,"SANTOS BRASIL PARTICIPAÇÕES S.A.","2015",0.333333333333333
"269",167,"SANTOS BRASIL PARTICIPAÇÕES S.A.","2014",0.5
"270",167,"SANTOS BRASIL PARTICIPAÇÕES S.A.","2013",0
"271",167,"SANTOS BRASIL PARTICIPAÇÕES S.A.","2012",NA
"272",167,"SANTOS BRASIL PARTICIPAÇÕES S.A.","2011",NA
"273",167,"SANTOS BRASIL PARTICIPAÇÕES S.A.","2010",NA
"274",169,"MMX MINERAÇÃO E METÁLICOS S.A. - EM RECUPERAÇÃO JUDICIAL","2017",NA
"275",169,"MMX MINERAÇÃO E METÁLICOS S.A. - EM RECUPERAÇÃO JUDICIAL","2016",4
"276",169,"MMX MINERAÇÃO E METÁLICOS S.A. - EM RECUPERAÇÃO JUDICIAL","2015",4
"277",169,"MMX MINERAÇÃO E METÁLICOS S.A. - EM RECUPERAÇÃO JUDICIAL","2014",1
"278",169,"MMX MINERAÇÃO E METÁLICOS S.A. - EM RECUPERAÇÃO JUDICIAL","2013",0
"279",169,"MMX MINERAÇÃO E METÁLICOS S.A. - EM RECUPERAÇÃO JUDICIAL","2012",NA
"280",169,"MMX MINERAÇÃO E METÁLICOS S.A. - EM RECUPERAÇÃO JUDICIAL","2011",NA
"281",169,"MMX MINERAÇÃO E METÁLICOS S.A. - EM RECUPERAÇÃO JUDICIAL","2010",NA
"282",174,"KROTON EDUCACIONAL S.A.","2017",NA
"283",174,"KROTON EDUCACIONAL S.A.","2016",4
"284",174,"KROTON EDUCACIONAL S.A.","2015",4
"285",174,"KROTON EDUCACIONAL S.A.","2014",2.5
"286",174,"KROTON EDUCACIONAL S.A.","2013",0
"287",174,"KROTON EDUCACIONAL S.A.","2012",NA
"288",174,"KROTON EDUCACIONAL S.A.","2011",NA
"289",174,"KROTON EDUCACIONAL S.A.","2010",NA
"290",183,"CENTRAIS ELÉTRICAS DO PARÁ S.A. - CELPA","2010",NA
"291",185,"AES TIETE SA","2014",NA
"292",185,"AES TIETE SA","2012",NA
"293",185,"AES TIETE SA","2011",NA
"294",185,"AES TIETE SA","2010",NA
"295",187,"CTEEP-CIA TRANSM ENERGIA ELÉTR. PAULISTA","2017",NA
"296",187,"CTEEP-CIA TRANSM ENERGIA ELÉTR. PAULISTA","2016",0
"297",187,"CTEEP-CIA TRANSM ENERGIA ELÉTR. PAULISTA","2015",1
"298",187,"CTEEP-CIA TRANSM ENERGIA ELÉTR. PAULISTA","2014",0.5
"299",187,"CTEEP-CIA TRANSM ENERGIA ELÉTR. PAULISTA","2013",0
"300",187,"CTEEP-CIA TRANSM ENERGIA ELÉTR. PAULISTA","2012",NA
"301",187,"CTEEP-CIA TRANSM ENERGIA ELÉTR. PAULISTA","2011",NA
"302",187,"CTEEP-CIA TRANSM ENERGIA ELÉTR. PAULISTA","2010",NA
"303",189,"IDEIASNET SA","2017",NA
"304",189,"IDEIASNET SA","2016",4.25
"305",189,"IDEIASNET SA","2015",4.25
"306",189,"IDEIASNET SA","2014",2.66666666666667
"307",189,"IDEIASNET SA","2013",0
"308",189,"IDEIASNET SA","2011",NA
"309",189,"IDEIASNET SA","2010",NA
"310",191,"ULTRAPAR PARTICIPAÇÕES SA","2017",NA
"311",191,"ULTRAPAR PARTICIPAÇÕES SA","2016",5.5
"312",191,"ULTRAPAR PARTICIPAÇÕES SA","2015",5.5
"313",191,"ULTRAPAR PARTICIPAÇÕES SA","2014",5.5
"314",191,"ULTRAPAR PARTICIPAÇÕES SA","2013",0
"315",191,"ULTRAPAR PARTICIPAÇÕES SA","2012",NA
"316",191,"ULTRAPAR PARTICIPAÇÕES SA","2011",NA
"317",191,"ULTRAPAR PARTICIPAÇÕES SA","2010",NA
"318",194,"COMPANHIA DE ÁGUA E ESGOTO DO CEARÁ","2017",NA
"319",197,"CIA. DE SANEAMENTO DO PARANÁ - SANEPAR","2017",NA
"320",197,"CIA. DE SANEAMENTO DO PARANÁ - SANEPAR","2016",0
"321",197,"CIA. DE SANEAMENTO DO PARANÁ - SANEPAR","2015",0
"322",200,"CPFL ENERGIA SA","2017",NA
"323",200,"CPFL ENERGIA SA","2016",2.5
"324",200,"CPFL ENERGIA SA","2015",2.5
"325",200,"CPFL ENERGIA SA","2014",0.5
"326",200,"CPFL ENERGIA SA","2012",0
"327",200,"CPFL ENERGIA SA","2011",NA
"328",200,"CPFL ENERGIA SA","2010",NA
"329",204,"BRADESPAR S/A","2017",NA
"330",204,"BRADESPAR S/A","2016",0
"331",204,"BRADESPAR S/A","2015",2
"332",204,"BRADESPAR S/A","2014",0
"333",207,"CCR S.A.","2017",NA
"334",207,"CCR S.A.","2016",2.66666666666667
"335",207,"CCR S.A.","2015",2
"336",207,"CCR S.A.","2014",3
"337",207,"CCR S.A.","2013",0
"338",207,"CCR S.A.","2012",NA
"339",207,"CCR S.A.","2011",NA
"340",207,"CCR S.A.","2010",NA
"341",210,"ANHANGUERA EDUCACIONAL PARTICIPAÇÕES S.A.","2013",NA
"342",210,"ANHANGUERA EDUCACIONAL PARTICIPAÇÕES S.A.","2012",NA
"343",210,"ANHANGUERA EDUCACIONAL PARTICIPAÇÕES S.A.","2011",NA
"344",210,"ANHANGUERA EDUCACIONAL PARTICIPAÇÕES S.A.","2010",NA
"345",211,"AES TIETÊ ENERGIA S.A","2017",NA
"346",211,"AES TIETÊ ENERGIA S.A","2016",1
"347",211,"AES TIETÊ ENERGIA S.A","2015",1
"348",211,"AES TIETÊ ENERGIA S.A","2014",0.5
"349",213,"ENERGISA SERGIPE - DISTRIBUIDORA DE ENERGIA S/A","2017",NA
"350",213,"ENERGISA SERGIPE - DISTRIBUIDORA DE ENERGIA S/A","2016",4
"351",213,"ENERGISA SERGIPE - DISTRIBUIDORA DE ENERGIA S/A","2015",12
"352",213,"ENERGISA SERGIPE - DISTRIBUIDORA DE ENERGIA S/A","2014",12
"353",213,"ENERGISA SERGIPE - DISTRIBUIDORA DE ENERGIA S/A","2013",0
"354",213,"ENERGISA SERGIPE - DISTRIBUIDORA DE ENERGIA S/A","2012",NA
"355",213,"ENERGISA SERGIPE - DISTRIBUIDORA DE ENERGIA S/A","2011",NA
"356",213,"ENERGISA SERGIPE - DISTRIBUIDORA DE ENERGIA S/A","2010",NA
"357",216,"ANDRADE GUTIERREZ PARTICIPAÇÕES SA","2014",NA
"358",216,"ANDRADE GUTIERREZ PARTICIPAÇÕES SA","2013",NA
"359",216,"ANDRADE GUTIERREZ PARTICIPAÇÕES SA","2012",NA
"360",216,"ANDRADE GUTIERREZ PARTICIPAÇÕES SA","2011",NA
"361",216,"ANDRADE GUTIERREZ PARTICIPAÇÕES SA","2010",NA
"362",220,"LIQ PARTICIPAÇÕES S.A.","2017",NA
"363",220,"LIQ PARTICIPAÇÕES S.A.","2016",0.142857142857143
"364",220,"LIQ PARTICIPAÇÕES S.A.","2015",0.142857142857143
"365",220,"LIQ PARTICIPAÇÕES S.A.","2014",0.75
"366",220,"LIQ PARTICIPAÇÕES S.A.","2013",0
"367",220,"LIQ PARTICIPAÇÕES S.A.","2012",NA
"368",220,"LIQ PARTICIPAÇÕES S.A.","2011",NA
"369",225,"SANEAMENTO DE GOIAS SA","2016",NA
"370",227,"CONCESSIONARIA RIO-TERESOPOLIS SA","2012",NA
"371",234,"BIOMM SA","2010",NA
"372",236,"TPI - TRIUNFO PARTICIPACOES E INVESTIMENTOS S.A.","2017",NA
"373",236,"TPI - TRIUNFO PARTICIPACOES E INVESTIMENTOS S.A.","2016",2.5
"374",236,"TPI - TRIUNFO PARTICIPACOES E INVESTIMENTOS S.A.","2014",0
"375",236,"TPI - TRIUNFO PARTICIPACOES E INVESTIMENTOS S.A.","2013",0
"376",236,"TPI - TRIUNFO PARTICIPACOES E INVESTIMENTOS S.A.","2012",NA
"377",236,"TPI - TRIUNFO PARTICIPACOES E INVESTIMENTOS S.A.","2011",NA
"378",236,"TPI - TRIUNFO PARTICIPACOES E INVESTIMENTOS S.A.","2010",NA
"379",244,"COMPANHIA DE SANEAMENTO DE MINAS GERAIS","2017",NA
"380",244,"COMPANHIA DE SANEAMENTO DE MINAS GERAIS","2016",3.5
"381",244,"COMPANHIA DE SANEAMENTO DE MINAS GERAIS","2015",3.5
"382",244,"COMPANHIA DE SANEAMENTO DE MINAS GERAIS","2014",1.5
"383",244,"COMPANHIA DE SANEAMENTO DE MINAS GERAIS","2013",0
"384",244,"COMPANHIA DE SANEAMENTO DE MINAS GERAIS","2012",NA
"385",244,"COMPANHIA DE SANEAMENTO DE MINAS GERAIS","2011",NA
"386",244,"COMPANHIA DE SANEAMENTO DE MINAS GERAIS","2010",NA
"387",245,"ECORODOVIAS INFRAESTRUTURA E LOGÍSTICA S.A.","2017",NA
"388",245,"ECORODOVIAS INFRAESTRUTURA E LOGÍSTICA S.A.","2016",1
"389",245,"ECORODOVIAS INFRAESTRUTURA E LOGÍSTICA S.A.","2015",0
"390",245,"ECORODOVIAS INFRAESTRUTURA E LOGÍSTICA S.A.","2014",0.666666666666667
"391",245,"ECORODOVIAS INFRAESTRUTURA E LOGÍSTICA S.A.","2013",0
"392",245,"ECORODOVIAS INFRAESTRUTURA E LOGÍSTICA S.A.","2012",NA
"393",245,"ECORODOVIAS INFRAESTRUTURA E LOGÍSTICA S.A.","2011",NA
"394",245,"ECORODOVIAS INFRAESTRUTURA E LOGÍSTICA S.A.","2010",NA
"395",249,"NATURA COSMETICOS SA","2017",NA
"396",249,"NATURA COSMETICOS SA","2016",1.6
"397",249,"NATURA COSMETICOS SA","2015",0
"398",249,"NATURA COSMETICOS SA","2014",1.66666666666667
"399",249,"NATURA COSMETICOS SA","2013",0
"400",249,"NATURA COSMETICOS SA","2012",NA
"401",249,"NATURA COSMETICOS SA","2011",NA
"402",249,"NATURA COSMETICOS SA","2010",NA
"403",250,"GOL LINHAS AEREAS INTELIGENTES SA","2017",NA
"404",250,"GOL LINHAS AEREAS INTELIGENTES SA","2016",4.75
"405",250,"GOL LINHAS AEREAS INTELIGENTES SA","2015",4.75
"406",250,"GOL LINHAS AEREAS INTELIGENTES SA","2014",1
"407",250,"GOL LINHAS AEREAS INTELIGENTES SA","2013",0
"408",250,"GOL LINHAS AEREAS INTELIGENTES SA","2012",NA
"409",250,"GOL LINHAS AEREAS INTELIGENTES SA","2011",NA
"410",250,"GOL LINHAS AEREAS INTELIGENTES SA","2010",NA
"411",255,"GRENDENE SA","2017",NA
"412",255,"GRENDENE SA","2016",7
"413",255,"GRENDENE SA","2015",7
"414",255,"GRENDENE SA","2014",5
"415",255,"GRENDENE SA","2013",0
"416",255,"GRENDENE SA","2012",NA
"417",255,"GRENDENE SA","2011",NA
"418",255,"GRENDENE SA","2010",NA
"419",256,"DIAGNOSTICOS DA AMERICA SA","2017",NA
"420",256,"DIAGNOSTICOS DA AMERICA SA","2016",0
"421",256,"DIAGNOSTICOS DA AMERICA SA","2015",0
"422",256,"DIAGNOSTICOS DA AMERICA SA","2014",2
"423",256,"DIAGNOSTICOS DA AMERICA SA","2013",0
"424",256,"DIAGNOSTICOS DA AMERICA SA","2012",NA
"425",256,"DIAGNOSTICOS DA AMERICA SA","2011",NA
"426",256,"DIAGNOSTICOS DA AMERICA SA","2010",NA
"427",259,"POMIFRUTAS S/A","2017",NA
"428",259,"POMIFRUTAS S/A","2016",0
"429",259,"POMIFRUTAS S/A","2015",0
"430",259,"POMIFRUTAS S/A","2014",3
"431",259,"POMIFRUTAS S/A","2013",0
"432",259,"POMIFRUTAS S/A","2012",NA
"433",259,"POMIFRUTAS S/A","2011",NA
"434",259,"POMIFRUTAS S/A","2010",NA
"435",262,"BI CIA SECURITIZADORA DE CREDITOS IMOBILIARIOS","2014",NA
"436",262,"BI CIA SECURITIZADORA DE CREDITOS IMOBILIARIOS","2013",NA
"437",262,"BI CIA SECURITIZADORA DE CREDITOS IMOBILIARIOS","2012",NA
"438",264,"LOCALIZA RENT A CAR SA","2017",NA
"439",264,"LOCALIZA RENT A CAR SA","2016",5.33333333333333
"440",264,"LOCALIZA RENT A CAR SA","2015",6.25
"441",264,"LOCALIZA RENT A CAR SA","2014",6.25
"442",264,"LOCALIZA RENT A CAR SA","2013",0
"443",264,"LOCALIZA RENT A CAR SA","2012",NA
"444",264,"LOCALIZA RENT A CAR SA","2011",NA
"445",264,"LOCALIZA RENT A CAR SA","2010",NA
"446",266,"EDP ENERGIAS DO BRASIL S/A","2017",NA
"447",266,"EDP ENERGIAS DO BRASIL S/A","2016",9.75
"448",266,"EDP ENERGIAS DO BRASIL S/A","2015",9.75
"449",266,"EDP ENERGIAS DO BRASIL S/A","2014",12
"450",266,"EDP ENERGIAS DO BRASIL S/A","2013",0
"451",266,"EDP ENERGIAS DO BRASIL S/A","2012",NA
"452",266,"EDP ENERGIAS DO BRASIL S/A","2011",NA
"453",266,"EDP ENERGIAS DO BRASIL S/A","2010",NA
"454",267,"ARTERIS S.A.","2014",NA
"455",267,"ARTERIS S.A.","2013",0
"456",267,"ARTERIS S.A.","2012",NA
"457",267,"ARTERIS S.A.","2011",NA
"458",267,"ARTERIS S.A.","2010",NA
"459",269,"COSAN SA INDUSTRIA E COMERCIO","2017",NA
"460",269,"COSAN SA INDUSTRIA E COMERCIO","2016",2.5
"461",269,"COSAN SA INDUSTRIA E COMERCIO","2015",2.5
"462",269,"COSAN SA INDUSTRIA E COMERCIO","2014",5.5
"463",269,"COSAN SA INDUSTRIA E COMERCIO","2013",0
"464",269,"COSAN SA INDUSTRIA E COMERCIO","2012",NA
"465",269,"COSAN SA INDUSTRIA E COMERCIO","2011",NA
"466",269,"COSAN SA INDUSTRIA E COMERCIO","2010",NA
"467",273,"LIGHT SA","2017",NA
"468",273,"LIGHT SA","2016",1.25
"469",273,"LIGHT SA","2015",1.25
"470",273,"LIGHT SA","2014",1.5
"471",273,"LIGHT SA","2013",0
"472",273,"LIGHT SA","2012",NA
"473",273,"LIGHT SA","2011",NA
"474",273,"LIGHT SA","2010",NA
"475",274,"UNIVERSO ONLINE SA","2010",NA
"476",276,"BR MALLS PARTICIPAÇOES S.A.","2017",NA
"477",276,"BR MALLS PARTICIPAÇOES S.A.","2016",0.75
"478",276,"BR MALLS PARTICIPAÇOES S.A.","2015",0.666666666666667
"479",276,"BR MALLS PARTICIPAÇOES S.A.","2014",1.5
"480",276,"BR MALLS PARTICIPAÇOES S.A.","2013",0
"481",276,"BR MALLS PARTICIPAÇOES S.A.","2012",NA
"482",276,"BR MALLS PARTICIPAÇOES S.A.","2011",NA
"483",276,"BR MALLS PARTICIPAÇOES S.A.","2010",NA
"484",277,"TEMPO PARTICIPAÇOES S/A","2014",NA
"485",277,"TEMPO PARTICIPAÇOES S/A","2013",0
"486",277,"TEMPO PARTICIPAÇOES S/A","2012",NA
"487",277,"TEMPO PARTICIPAÇOES S/A","2011",NA
"488",277,"TEMPO PARTICIPAÇOES S/A","2010",NA
"489",278,"BR PROPERTIES S.A.","2017",NA
"490",278,"BR PROPERTIES S.A.","2016",2
"491",278,"BR PROPERTIES S.A.","2014",0
"492",278,"BR PROPERTIES S.A.","2013",0
"493",278,"BR PROPERTIES S.A.","2012",NA
"494",278,"BR PROPERTIES S.A.","2011",NA
"495",278,"BR PROPERTIES S.A.","2010",NA
"496",283,"TOTVS S.A","2017",NA
"497",283,"TOTVS S.A","2016",1.66666666666667
"498",283,"TOTVS S.A","2015",1
"499",283,"TOTVS S.A","2014",1.5
"500",283,"TOTVS S.A","2013",0
"501",283,"TOTVS S.A","2012",NA
"502",283,"TOTVS S.A","2011",NA
"503",283,"TOTVS S.A","2010",NA
"504",285,"EQUATORIAL ENERGIA S/A","2017",NA
"505",285,"EQUATORIAL ENERGIA S/A","2016",1.5
"506",285,"EQUATORIAL ENERGIA S/A","2015",0
"507",285,"EQUATORIAL ENERGIA S/A","2014",1.5
"508",285,"EQUATORIAL ENERGIA S/A","2013",0
"509",285,"EQUATORIAL ENERGIA S/A","2012",NA
"510",285,"EQUATORIAL ENERGIA S/A","2011",NA
"511",285,"EQUATORIAL ENERGIA S/A","2010",NA
"512",286,"VALID SOLUÇÕES E SERVIÇOS DE SEGURANÇA EM MEIOS DE PAGAMENTO E IDENTIFICAÇÃO S.A.","2017",NA
"513",286,"VALID SOLUÇÕES E SERVIÇOS DE SEGURANÇA EM MEIOS DE PAGAMENTO E IDENTIFICAÇÃO S.A.","2016",0
"514",286,"VALID SOLUÇÕES E SERVIÇOS DE SEGURANÇA EM MEIOS DE PAGAMENTO E IDENTIFICAÇÃO S.A.","2015",0
"515",286,"VALID SOLUÇÕES E SERVIÇOS DE SEGURANÇA EM MEIOS DE PAGAMENTO E IDENTIFICAÇÃO S.A.","2014",2.5
"516",286,"VALID SOLUÇÕES E SERVIÇOS DE SEGURANÇA EM MEIOS DE PAGAMENTO E IDENTIFICAÇÃO S.A.","2013",0
"517",286,"VALID SOLUÇÕES E SERVIÇOS DE SEGURANÇA EM MEIOS DE PAGAMENTO E IDENTIFICAÇÃO S.A.","2012",NA
"518",286,"VALID SOLUÇÕES E SERVIÇOS DE SEGURANÇA EM MEIOS DE PAGAMENTO E IDENTIFICAÇÃO S.A.","2011",NA
"519",286,"VALID SOLUÇÕES E SERVIÇOS DE SEGURANÇA EM MEIOS DE PAGAMENTO E IDENTIFICAÇÃO S.A.","2010",NA
"520",287,"BRASILAGRO CIA BRAS DE PROP AGRICOLAS","2017",NA
"521",287,"BRASILAGRO CIA BRAS DE PROP AGRICOLAS","2016",2.5
"522",287,"BRASILAGRO CIA BRAS DE PROP AGRICOLAS","2015",2.5
"523",287,"BRASILAGRO CIA BRAS DE PROP AGRICOLAS","2014",0
"524",287,"BRASILAGRO CIA BRAS DE PROP AGRICOLAS","2013",NA
"525",287,"BRASILAGRO CIA BRAS DE PROP AGRICOLAS","2012",NA
"526",287,"BRASILAGRO CIA BRAS DE PROP AGRICOLAS","2011",NA
"527",288,"CSU CARDSYSTEM S/A","2017",NA
"528",288,"CSU CARDSYSTEM S/A","2016",9.5
"529",288,"CSU CARDSYSTEM S/A","2015",9.5
"530",288,"CSU CARDSYSTEM S/A","2014",6
"531",288,"CSU CARDSYSTEM S/A","2013",0
"532",288,"CSU CARDSYSTEM S/A","2012",NA
"533",288,"CSU CARDSYSTEM S/A","2011",NA
"534",288,"CSU CARDSYSTEM S/A","2010",NA
"535",290,"LUPATECH S/A - EM RECUPERAÇÃO JUDICIAL","2017",NA
"536",290,"LUPATECH S/A - EM RECUPERAÇÃO JUDICIAL","2016",0
"537",290,"LUPATECH S/A - EM RECUPERAÇÃO JUDICIAL","2014",0
"538",290,"LUPATECH S/A - EM RECUPERAÇÃO JUDICIAL","2013",NA
"539",290,"LUPATECH S/A - EM RECUPERAÇÃO JUDICIAL","2012",NA
"540",290,"LUPATECH S/A - EM RECUPERAÇÃO JUDICIAL","2011",NA
"541",290,"LUPATECH S/A - EM RECUPERAÇÃO JUDICIAL","2010",NA
"542",292,"EMBRAER S.A.","2017",NA
"543",292,"EMBRAER S.A.","2016",2.5
"544",292,"EMBRAER S.A.","2015",2.5
"545",292,"EMBRAER S.A.","2014",2.5
"546",292,"EMBRAER S.A.","2013",0
"547",292,"EMBRAER S.A.","2012",NA
"548",292,"EMBRAER S.A.","2011",NA
"549",292,"EMBRAER S.A.","2010",NA
"550",293,"ODONTOPREV S/A","2017",NA
"551",293,"ODONTOPREV S/A","2016",6
"552",293,"ODONTOPREV S/A","2015",6
"553",293,"ODONTOPREV S/A","2014",5
"554",293,"ODONTOPREV S/A","2013",0
"555",293,"ODONTOPREV S/A","2012",NA
"556",293,"ODONTOPREV S/A","2011",NA
"557",293,"ODONTOPREV S/A","2010",NA
"558",295,"CREMER SA","2013",NA
"559",295,"CREMER SA","2012",NA
"560",295,"CREMER SA","2011",NA
"561",295,"CREMER SA","2010",NA
"562",297,"ÓLEO E GÁS PARTICIPAÇÕES S/A","2017",NA
"563",297,"ÓLEO E GÁS PARTICIPAÇÕES S/A","2012",6
"564",297,"ÓLEO E GÁS PARTICIPAÇÕES S/A","2011",0
"565",297,"ÓLEO E GÁS PARTICIPAÇÕES S/A","2010",NA
"566",299,"CCX CARVÃO DA COLOMBIA S.A.","2017",NA
"567",299,"CCX CARVÃO DA COLOMBIA S.A.","2016",3
"568",299,"CCX CARVÃO DA COLOMBIA S.A.","2015",3
"569",299,"CCX CARVÃO DA COLOMBIA S.A.","2014",1
"570",299,"CCX CARVÃO DA COLOMBIA S.A.","2012",0
"571",299,"CCX CARVÃO DA COLOMBIA S.A.","2011",NA
"572",303,"TRANSMISSORA ALIANÇA DE ENERGIA ELÉTRICA S.A.","2017",NA
"573",303,"TRANSMISSORA ALIANÇA DE ENERGIA ELÉTRICA S.A.","2016",1
"574",303,"TRANSMISSORA ALIANÇA DE ENERGIA ELÉTRICA S.A.","2015",1.5
"575",303,"TRANSMISSORA ALIANÇA DE ENERGIA ELÉTRICA S.A.","2014",2
"576",303,"TRANSMISSORA ALIANÇA DE ENERGIA ELÉTRICA S.A.","2013",0
"577",303,"TRANSMISSORA ALIANÇA DE ENERGIA ELÉTRICA S.A.","2012",NA
"578",303,"TRANSMISSORA ALIANÇA DE ENERGIA ELÉTRICA S.A.","2011",NA
"579",303,"TRANSMISSORA ALIANÇA DE ENERGIA ELÉTRICA S.A.","2010",NA
"580",304,"BROOKFIELD INCORPORAÇÕES S.A.","2012",NA
"581",304,"BROOKFIELD INCORPORAÇÕES S.A.","2011",NA
"582",304,"BROOKFIELD INCORPORAÇÕES S.A.","2010",NA
"583",305,"CEMIG DISTRIBUIÇÃO S/A","2012",NA
"584",307,"M DIAS BRANCO SA IND E COM DE ALIMENTOS","2017",NA
"585",307,"M DIAS BRANCO SA IND E COM DE ALIMENTOS","2016",2.33333333333333
"586",307,"M DIAS BRANCO SA IND E COM DE ALIMENTOS","2015",2.33333333333333
"587",307,"M DIAS BRANCO SA IND E COM DE ALIMENTOS","2014",3
"588",307,"M DIAS BRANCO SA IND E COM DE ALIMENTOS","2013",0
"589",307,"M DIAS BRANCO SA IND E COM DE ALIMENTOS","2012",NA
"590",307,"M DIAS BRANCO SA IND E COM DE ALIMENTOS","2011",NA
"591",307,"M DIAS BRANCO SA IND E COM DE ALIMENTOS","2010",NA
"592",308,"PROFARMA DISTRIB. PRODUTOS FARMACEUTICOS","2017",NA
"593",308,"PROFARMA DISTRIB. PRODUTOS FARMACEUTICOS","2016",4
"594",308,"PROFARMA DISTRIB. PRODUTOS FARMACEUTICOS","2015",4
"595",308,"PROFARMA DISTRIB. PRODUTOS FARMACEUTICOS","2014",7
"596",308,"PROFARMA DISTRIB. PRODUTOS FARMACEUTICOS","2013",0
"597",308,"PROFARMA DISTRIB. PRODUTOS FARMACEUTICOS","2012",NA
"598",308,"PROFARMA DISTRIB. PRODUTOS FARMACEUTICOS","2011",NA
"599",309,"TERRA SANTA AGRO S.A.","2017",NA
"600",309,"TERRA SANTA AGRO S.A.","2016",0
"601",309,"TERRA SANTA AGRO S.A.","2015",0
"602",309,"TERRA SANTA AGRO S.A.","2014",0
"603",309,"TERRA SANTA AGRO S.A.","2013",0
"604",309,"TERRA SANTA AGRO S.A.","2012",NA
"605",309,"TERRA SANTA AGRO S.A.","2011",NA
"606",309,"TERRA SANTA AGRO S.A.","2010",NA
"607",310,"POSITIVO INFORMATICA SA","2017",NA
"608",310,"POSITIVO INFORMATICA SA","2016",0
"609",310,"POSITIVO INFORMATICA SA","2015",0
"610",310,"POSITIVO INFORMATICA SA","2014",0
"611",310,"POSITIVO INFORMATICA SA","2013",0
"612",310,"POSITIVO INFORMATICA SA","2012",NA
"613",310,"POSITIVO INFORMATICA SA","2010",NA
"614",311,"LPS BRASIL CONSULTORIA DE IMOVEIS S/A","2017",NA
"615",311,"LPS BRASIL CONSULTORIA DE IMOVEIS S/A","2016",6
"616",311,"LPS BRASIL CONSULTORIA DE IMOVEIS S/A","2015",6
"617",311,"LPS BRASIL CONSULTORIA DE IMOVEIS S/A","2014",5
"618",311,"LPS BRASIL CONSULTORIA DE IMOVEIS S/A","2013",0
"619",311,"LPS BRASIL CONSULTORIA DE IMOVEIS S/A","2012",NA
"620",311,"LPS BRASIL CONSULTORIA DE IMOVEIS S/A","2011",NA
"621",311,"LPS BRASIL CONSULTORIA DE IMOVEIS S/A","2010",NA
"622",316,"TECNISA S/A","2017",NA
"623",316,"TECNISA S/A","2016",2
"624",316,"TECNISA S/A","2015",2
"625",316,"TECNISA S/A","2014",1
"626",316,"TECNISA S/A","2013",0
"627",316,"TECNISA S/A","2012",NA
"628",316,"TECNISA S/A","2011",NA
"629",316,"TECNISA S/A","2010",NA
"630",317,"RNI NEGÓCIOS IMOBILIÁRIOS S.A.","2017",NA
"631",317,"RNI NEGÓCIOS IMOBILIÁRIOS S.A.","2016",0
"632",317,"RNI NEGÓCIOS IMOBILIÁRIOS S.A.","2015",5
"633",317,"RNI NEGÓCIOS IMOBILIÁRIOS S.A.","2014",0
"634",317,"RNI NEGÓCIOS IMOBILIÁRIOS S.A.","2013",0
"635",317,"RNI NEGÓCIOS IMOBILIÁRIOS S.A.","2012",NA
"636",317,"RNI NEGÓCIOS IMOBILIÁRIOS S.A.","2011",NA
"637",317,"RNI NEGÓCIOS IMOBILIÁRIOS S.A.","2010",NA
"638",319,"PDG REALTY SA EMPREENDIMENTOS E PARTS - EM RECUPERAÇÃO JUDICIAL","2017",NA
"639",319,"PDG REALTY SA EMPREENDIMENTOS E PARTS - EM RECUPERAÇÃO JUDICIAL","2015",1
"640",319,"PDG REALTY SA EMPREENDIMENTOS E PARTS - EM RECUPERAÇÃO JUDICIAL","2014",0
"641",319,"PDG REALTY SA EMPREENDIMENTOS E PARTS - EM RECUPERAÇÃO JUDICIAL","2013",0
"642",319,"PDG REALTY SA EMPREENDIMENTOS E PARTS - EM RECUPERAÇÃO JUDICIAL","2012",NA
"643",319,"PDG REALTY SA EMPREENDIMENTOS E PARTS - EM RECUPERAÇÃO JUDICIAL","2011",NA
"644",319,"PDG REALTY SA EMPREENDIMENTOS E PARTS - EM RECUPERAÇÃO JUDICIAL","2010",NA
"645",320,"CAMARGO CORREA DESENVOLVIMENTO  IMOBILIARIO SA","2011",NA
"646",320,"CAMARGO CORREA DESENVOLVIMENTO  IMOBILIARIO SA","2010",NA
"647",321,"IGUATEMI EMPRESA DE SHOPPING CENTERS S/A","2017",NA
"648",321,"IGUATEMI EMPRESA DE SHOPPING CENTERS S/A","2016",0.666666666666667
"649",321,"IGUATEMI EMPRESA DE SHOPPING CENTERS S/A","2015",0
"650",321,"IGUATEMI EMPRESA DE SHOPPING CENTERS S/A","2014",2.66666666666667
"651",321,"IGUATEMI EMPRESA DE SHOPPING CENTERS S/A","2013",0
"652",321,"IGUATEMI EMPRESA DE SHOPPING CENTERS S/A","2012",NA
"653",321,"IGUATEMI EMPRESA DE SHOPPING CENTERS S/A","2011",NA
"654",321,"IGUATEMI EMPRESA DE SHOPPING CENTERS S/A","2010",NA
"655",323,"SÃO MARTINHO SA","2017",NA
"656",323,"SÃO MARTINHO SA","2016",0
"657",323,"SÃO MARTINHO SA","2015",5
"658",323,"SÃO MARTINHO SA","2014",0
"659",323,"SÃO MARTINHO SA","2013",NA
"660",323,"SÃO MARTINHO SA","2012",NA
"661",323,"SÃO MARTINHO SA","2011",NA
"662",323,"SÃO MARTINHO SA","2010",NA
"663",324,"EVEN CONSTRUTORA E INCORPORADORA S/A","2017",NA
"664",324,"EVEN CONSTRUTORA E INCORPORADORA S/A","2016",0
"665",324,"EVEN CONSTRUTORA E INCORPORADORA S/A","2015",0
"666",324,"EVEN CONSTRUTORA E INCORPORADORA S/A","2014",0
"667",324,"EVEN CONSTRUTORA E INCORPORADORA S/A","2013",0
"668",324,"EVEN CONSTRUTORA E INCORPORADORA S/A","2012",NA
"669",324,"EVEN CONSTRUTORA E INCORPORADORA S/A","2011",NA
"670",324,"EVEN CONSTRUTORA E INCORPORADORA S/A","2010",NA
"671",0,"BANCO SANTANDER (BRASIL) S.A.","2017",NA
"672",0,"BANCO SANTANDER (BRASIL) S.A.","2016",2.75
"673",0,"BANCO SANTANDER (BRASIL) S.A.","2015",2.75
"674",0,"BANCO SANTANDER (BRASIL) S.A.","2014",2
"675",0,"BANCO SANTANDER (BRASIL) S.A.","2013",0
"676",0,"BANCO SANTANDER (BRASIL) S.A.","2012",NA
"677",0,"BANCO SANTANDER (BRASIL) S.A.","2011",NA
"678",0,"BANCO SANTANDER (BRASIL) S.A.","2010",NA
"679",326,"CPFL ENERGIAS RENOVÁVEIS S.A.","2017",NA
"680",326,"CPFL ENERGIAS RENOVÁVEIS S.A.","2016",7
"681",326,"CPFL ENERGIAS RENOVÁVEIS S.A.","2015",5
"682",326,"CPFL ENERGIAS RENOVÁVEIS S.A.","2014",3.5
"683",326,"CPFL ENERGIAS RENOVÁVEIS S.A.","2013",0
"684",326,"CPFL ENERGIAS RENOVÁVEIS S.A.","2012",NA
"685",326,"CPFL ENERGIAS RENOVÁVEIS S.A.","2011",NA
"686",328,"BANCO PINE S/A","2017",NA
"687",328,"BANCO PINE S/A","2016",3
"688",328,"BANCO PINE S/A","2015",0
"689",328,"BANCO PINE S/A","2014",4
"690",328,"BANCO PINE S/A","2013",0
"691",328,"BANCO PINE S/A","2012",NA
"692",328,"BANCO PINE S/A","2011",NA
"693",328,"BANCO PINE S/A","2010",NA
"694",329,"JBS SA","2017",NA
"695",329,"JBS SA","2016",0
"696",329,"JBS SA","2015",0
"697",329,"JBS SA","2014",1
"698",329,"JBS SA","2013",0
"699",329,"JBS SA","2012",NA
"700",329,"JBS SA","2011",NA
"701",329,"JBS SA","2010",NA
"702",330,"JHSF PARTICIPAÇÕES SA","2017",NA
"703",330,"JHSF PARTICIPAÇÕES SA","2016",5.5
"704",330,"JHSF PARTICIPAÇÕES SA","2015",5.5
"705",330,"JHSF PARTICIPAÇÕES SA","2014",6
"706",330,"JHSF PARTICIPAÇÕES SA","2013",0
"707",330,"JHSF PARTICIPAÇÕES SA","2012",NA
"708",330,"JHSF PARTICIPAÇÕES SA","2011",NA
"709",330,"JHSF PARTICIPAÇÕES SA","2010",NA
"710",331,"METALFRIO SOLUTIONS S/A","2017",NA
"711",331,"METALFRIO SOLUTIONS S/A","2016",5
"712",331,"METALFRIO SOLUTIONS S/A","2015",5
"713",331,"METALFRIO SOLUTIONS S/A","2014",4
"714",331,"METALFRIO SOLUTIONS S/A","2013",0
"715",331,"METALFRIO SOLUTIONS S/A","2012",NA
"716",331,"METALFRIO SOLUTIONS S/A","2011",NA
"717",331,"METALFRIO SOLUTIONS S/A","2010",NA
"718",333,"FERTILIZANTES HERINGER SA","2017",NA
"719",333,"FERTILIZANTES HERINGER SA","2016",0
"720",333,"FERTILIZANTES HERINGER SA","2015",0
"721",333,"FERTILIZANTES HERINGER SA","2014",0
"722",333,"FERTILIZANTES HERINGER SA","2013",0
"723",333,"FERTILIZANTES HERINGER SA","2012",NA
"724",333,"FERTILIZANTES HERINGER SA","2011",NA
"725",333,"FERTILIZANTES HERINGER SA","2010",NA
"726",334,"CR2 EMPREENDIMENTOS IMOBILIÁRIOS S/A","2017",NA
"727",334,"CR2 EMPREENDIMENTOS IMOBILIÁRIOS S/A","2016",3.5
"728",334,"CR2 EMPREENDIMENTOS IMOBILIÁRIOS S/A","2015",4.5
"729",334,"CR2 EMPREENDIMENTOS IMOBILIÁRIOS S/A","2014",2.5
"730",334,"CR2 EMPREENDIMENTOS IMOBILIÁRIOS S/A","2013",NA
"731",334,"CR2 EMPREENDIMENTOS IMOBILIÁRIOS S/A","2012",NA
"732",334,"CR2 EMPREENDIMENTOS IMOBILIÁRIOS S/A","2011",NA
"733",334,"CR2 EMPREENDIMENTOS IMOBILIÁRIOS S/A","2010",NA
"734",335,"CIA ESTADUAL DE DISTRIBUIÇÃO DE ENERGIA ELETRICA","2015",NA
"735",336,"BEMATECH  S/A","2013",NA
"736",336,"BEMATECH  S/A","2011",NA
"737",336,"BEMATECH  S/A","2010",NA
"738",338,"BANCO SOFISA SA","2015",NA
"739",338,"BANCO SOFISA SA","2014",4.66666666666667
"740",338,"BANCO SOFISA SA","2013",0
"741",338,"BANCO SOFISA SA","2012",NA
"742",338,"BANCO SOFISA SA","2011",NA
"743",339,"VIVER INCORP. E CONSTRUTORA S.A.- EM RECUPERAÇÃO JUDICIAL","2017",NA
"744",339,"VIVER INCORP. E CONSTRUTORA S.A.- EM RECUPERAÇÃO JUDICIAL","2016",5
"745",339,"VIVER INCORP. E CONSTRUTORA S.A.- EM RECUPERAÇÃO JUDICIAL","2015",5
"746",339,"VIVER INCORP. E CONSTRUTORA S.A.- EM RECUPERAÇÃO JUDICIAL","2014",3
"747",339,"VIVER INCORP. E CONSTRUTORA S.A.- EM RECUPERAÇÃO JUDICIAL","2013",0
"748",339,"VIVER INCORP. E CONSTRUTORA S.A.- EM RECUPERAÇÃO JUDICIAL","2012",NA
"749",339,"VIVER INCORP. E CONSTRUTORA S.A.- EM RECUPERAÇÃO JUDICIAL","2011",NA
"750",339,"VIVER INCORP. E CONSTRUTORA S.A.- EM RECUPERAÇÃO JUDICIAL","2010",NA
"751",340,"LOG-IN LOGISTICA INTERMODAL SA","2017",NA
"752",340,"LOG-IN LOGISTICA INTERMODAL SA","2016",0.666666666666667
"753",340,"LOG-IN LOGISTICA INTERMODAL SA","2015",0
"754",340,"LOG-IN LOGISTICA INTERMODAL SA","2014",1
"755",340,"LOG-IN LOGISTICA INTERMODAL SA","2013",0
"756",340,"LOG-IN LOGISTICA INTERMODAL SA","2012",NA
"757",340,"LOG-IN LOGISTICA INTERMODAL SA","2011",NA
"758",340,"LOG-IN LOGISTICA INTERMODAL SA","2010",NA
"759",341,"PARANA BANCO S.A.","2014",NA
"760",341,"PARANA BANCO S.A.","2013",0
"761",341,"PARANA BANCO S.A.","2012",NA
"762",341,"PARANA BANCO S.A.","2011",NA
"763",341,"PARANA BANCO S.A.","2010",NA
"764",342,"SLC AGRICOLA SA","2017",NA
"765",342,"SLC AGRICOLA SA","2016",0
"766",342,"SLC AGRICOLA SA","2015",1.5
"767",342,"SLC AGRICOLA SA","2014",1.5
"768",342,"SLC AGRICOLA SA","2013",0
"769",342,"SLC AGRICOLA SA","2012",NA
"770",342,"SLC AGRICOLA SA","2011",NA
"771",342,"SLC AGRICOLA SA","2010",NA
"772",343,"MASSA FALIDA DO BANCO CRUZEIRO DO SUL S/A","2010",NA
"773",344,"EZ TEC EMPREEND. E PARTICIPAÇÕES S/A","2017",NA
"774",344,"EZ TEC EMPREEND. E PARTICIPAÇÕES S/A","2016",6
"775",344,"EZ TEC EMPREEND. E PARTICIPAÇÕES S/A","2015",6
"776",344,"EZ TEC EMPREEND. E PARTICIPAÇÕES S/A","2014",4.5
"777",344,"EZ TEC EMPREEND. E PARTICIPAÇÕES S/A","2013",0
"778",344,"EZ TEC EMPREEND. E PARTICIPAÇÕES S/A","2012",NA
"779",344,"EZ TEC EMPREEND. E PARTICIPAÇÕES S/A","2011",NA
"780",344,"EZ TEC EMPREEND. E PARTICIPAÇÕES S/A","2010",NA
"781",345,"MARFRIG GLOBAL FOODS SA","2017",NA
"782",345,"MARFRIG GLOBAL FOODS SA","2016",3.6
"783",345,"MARFRIG GLOBAL FOODS SA","2015",0
"784",345,"MARFRIG GLOBAL FOODS SA","2014",3.5
"785",345,"MARFRIG GLOBAL FOODS SA","2013",0
"786",345,"MARFRIG GLOBAL FOODS SA","2012",NA
"787",345,"MARFRIG GLOBAL FOODS SA","2011",NA
"788",345,"MARFRIG GLOBAL FOODS SA","2010",NA
"789",346,"BANCO DAYCOVAL S.A.","2015",NA
"790",346,"BANCO DAYCOVAL S.A.","2014",3.5
"791",346,"BANCO DAYCOVAL S.A.","2013",0
"792",346,"BANCO DAYCOVAL S.A.","2012",NA
"793",346,"BANCO DAYCOVAL S.A.","2011",NA
"794",346,"BANCO DAYCOVAL S.A.","2010",NA
"795",347,"TEGMA GESTÃO LOGÍSTICA SA","2017",NA
"796",347,"TEGMA GESTÃO LOGÍSTICA SA","2016",0
"797",347,"TEGMA GESTÃO LOGÍSTICA SA","2015",0
"798",347,"TEGMA GESTÃO LOGÍSTICA SA","2014",1
"799",347,"TEGMA GESTÃO LOGÍSTICA SA","2013",0
"800",347,"TEGMA GESTÃO LOGÍSTICA SA","2012",NA
"801",347,"TEGMA GESTÃO LOGÍSTICA SA","2011",NA
"802",347,"TEGMA GESTÃO LOGÍSTICA SA","2010",NA
"803",350,"MAGNESITA REFRATARIOS S.A.","2017",NA
"804",350,"MAGNESITA REFRATARIOS S.A.","2016",0
"805",350,"MAGNESITA REFRATARIOS S.A.","2015",0
"806",350,"MAGNESITA REFRATARIOS S.A.","2014",3
"807",350,"MAGNESITA REFRATARIOS S.A.","2013",0
"808",350,"MAGNESITA REFRATARIOS S.A.","2012",NA
"809",350,"MAGNESITA REFRATARIOS S.A.","2011",NA
"810",352,"HELBOR EMPREENDIMENTOS S/A","2017",NA
"811",352,"HELBOR EMPREENDIMENTOS S/A","2016",6
"812",352,"HELBOR EMPREENDIMENTOS S/A","2015",6
"813",352,"HELBOR EMPREENDIMENTOS S/A","2014",6
"814",352,"HELBOR EMPREENDIMENTOS S/A","2013",NA
"815",352,"HELBOR EMPREENDIMENTOS S/A","2012",NA
"816",352,"HELBOR EMPREENDIMENTOS S/A","2011",NA
"817",352,"HELBOR EMPREENDIMENTOS S/A","2010",NA
"818",353,"BANCO INDUSVAL S.A.","2017",NA
"819",353,"BANCO INDUSVAL S.A.","2016",2.5
"820",353,"BANCO INDUSVAL S.A.","2015",2.5
"821",353,"BANCO INDUSVAL S.A.","2014",3
"822",353,"BANCO INDUSVAL S.A.","2013",0
"823",353,"BANCO INDUSVAL S.A.","2012",NA
"824",353,"BANCO INDUSVAL S.A.","2011",NA
"825",353,"BANCO INDUSVAL S.A.","2010",NA
"826",354,"REDECARD S/A","2011",NA
"827",354,"REDECARD S/A","2010",NA
"828",355,"BHG S.A. - BRAZIL HOSPITALITY GROUP","2014",NA
"829",355,"BHG S.A. - BRAZIL HOSPITALITY GROUP","2013",NA
"830",355,"BHG S.A. - BRAZIL HOSPITALITY GROUP","2012",NA
"831",355,"BHG S.A. - BRAZIL HOSPITALITY GROUP","2011",NA
"832",355,"BHG S.A. - BRAZIL HOSPITALITY GROUP","2010",NA
"833",356,"MRV ENGENHARIA E PARTICIPAÇÕES S/A","2017",NA
"834",356,"MRV ENGENHARIA E PARTICIPAÇÕES S/A","2016",0
"835",356,"MRV ENGENHARIA E PARTICIPAÇÕES S/A","2015",0
"836",356,"MRV ENGENHARIA E PARTICIPAÇÕES S/A","2014",1.25
"837",356,"MRV ENGENHARIA E PARTICIPAÇÕES S/A","2013",0
"838",356,"MRV ENGENHARIA E PARTICIPAÇÕES S/A","2012",NA
"839",356,"MRV ENGENHARIA E PARTICIPAÇÕES S/A","2011",NA
"840",356,"MRV ENGENHARIA E PARTICIPAÇÕES S/A","2010",NA
"841",357,"MINERVA S/A","2017",NA
"842",357,"MINERVA S/A","2016",2
"843",357,"MINERVA S/A","2015",2
"844",357,"MINERVA S/A","2014",2
"845",357,"MINERVA S/A","2013",0
"846",357,"MINERVA S/A","2012",NA
"847",357,"MINERVA S/A","2011",NA
"848",357,"MINERVA S/A","2010",NA
"849",358,"BANCO ABC BRASIL S/A","2017",NA
"850",358,"BANCO ABC BRASIL S/A","2016",6
"851",358,"BANCO ABC BRASIL S/A","2015",6
"852",358,"BANCO ABC BRASIL S/A","2014",2
"853",358,"BANCO ABC BRASIL S/A","2013",0
"854",358,"BANCO ABC BRASIL S/A","2012",NA
"855",358,"BANCO ABC BRASIL S/A","2011",NA
"856",358,"BANCO ABC BRASIL S/A","2010",NA
"857",359,"SPRINGS GLOBAL PARTICIPAÇÕES S/A","2017",NA
"858",359,"SPRINGS GLOBAL PARTICIPAÇÕES S/A","2016",4
"859",359,"SPRINGS GLOBAL PARTICIPAÇÕES S/A","2015",4
"860",359,"SPRINGS GLOBAL PARTICIPAÇÕES S/A","2014",7.75
"861",359,"SPRINGS GLOBAL PARTICIPAÇÕES S/A","2013",0
"862",359,"SPRINGS GLOBAL PARTICIPAÇÕES S/A","2012",NA
"863",359,"SPRINGS GLOBAL PARTICIPAÇÕES S/A","2011",NA
"864",359,"SPRINGS GLOBAL PARTICIPAÇÕES S/A","2010",NA
"865",360,"COMPANHIA PROVIDENCIA IND E COMERCIO","2014",NA
"866",360,"COMPANHIA PROVIDENCIA IND E COMERCIO","2013",NA
"867",360,"COMPANHIA PROVIDENCIA IND E COMERCIO","2012",NA
"868",360,"COMPANHIA PROVIDENCIA IND E COMERCIO","2011",NA
"869",361,"MULTIPLAN EMP. IMOBILIARIOS S/A","2017",NA
"870",361,"MULTIPLAN EMP. IMOBILIARIOS S/A","2016",9
"871",361,"MULTIPLAN EMP. IMOBILIARIOS S/A","2015",0
"872",361,"MULTIPLAN EMP. IMOBILIARIOS S/A","2014",8
"873",361,"MULTIPLAN EMP. IMOBILIARIOS S/A","2013",0
"874",361,"MULTIPLAN EMP. IMOBILIARIOS S/A","2012",NA
"875",361,"MULTIPLAN EMP. IMOBILIARIOS S/A","2011",NA
"876",361,"MULTIPLAN EMP. IMOBILIARIOS S/A","2010",NA
"877",362,"B2W - COMPANHIA DIGITAL","2017",NA
"878",362,"B2W - COMPANHIA DIGITAL","2016",6.33333333333333
"879",362,"B2W - COMPANHIA DIGITAL","2015",0
"880",362,"B2W - COMPANHIA DIGITAL","2014",5
"881",362,"B2W - COMPANHIA DIGITAL","2013",0
"882",362,"B2W - COMPANHIA DIGITAL","2012",NA
"883",362,"B2W - COMPANHIA DIGITAL","2011",NA
"884",362,"B2W - COMPANHIA DIGITAL","2010",NA
"885",363,"CAMBUCI SA","2017",NA
"886",363,"CAMBUCI SA","2016",0
"887",363,"CAMBUCI SA","2015",0
"888",363,"CAMBUCI SA","2014",0
"889",363,"CAMBUCI SA","2013",0
"890",363,"CAMBUCI SA","2012",NA
"891",363,"CAMBUCI SA","2011",NA
"892",364,"GENERAL SHOPPING BRASIL SA","2017",NA
"893",364,"GENERAL SHOPPING BRASIL SA","2016",4
"894",364,"GENERAL SHOPPING BRASIL SA","2015",4
"895",364,"GENERAL SHOPPING BRASIL SA","2014",4
"896",364,"GENERAL SHOPPING BRASIL SA","2013",0
"897",364,"GENERAL SHOPPING BRASIL SA","2012",NA
"898",364,"GENERAL SHOPPING BRASIL SA","2011",NA
"899",364,"GENERAL SHOPPING BRASIL SA","2010",NA
"900",365,"ESTACIO PARTICIPAÇÕES SA","2017",NA
"901",365,"ESTACIO PARTICIPAÇÕES SA","2016",0.714285714285714
"902",365,"ESTACIO PARTICIPAÇÕES SA","2015",0.714285714285714
"903",365,"ESTACIO PARTICIPAÇÕES SA","2014",0
"904",365,"ESTACIO PARTICIPAÇÕES SA","2013",0
"905",365,"ESTACIO PARTICIPAÇÕES SA","2012",NA
"906",365,"ESTACIO PARTICIPAÇÕES SA","2011",NA
"907",365,"ESTACIO PARTICIPAÇÕES SA","2010",NA
"908",367,"ALGAR TELECOM S/A","2017",NA
"909",367,"ALGAR TELECOM S/A","2016",1
"910",368,"CYRELA COMMERCIAL PROPERTIES SA EMP  PART","2017",NA
"911",368,"CYRELA COMMERCIAL PROPERTIES SA EMP  PART","2016",3.5
"912",368,"CYRELA COMMERCIAL PROPERTIES SA EMP  PART","2015",3.5
"913",368,"CYRELA COMMERCIAL PROPERTIES SA EMP  PART","2014",7
"914",368,"CYRELA COMMERCIAL PROPERTIES SA EMP  PART","2013",0
"915",368,"CYRELA COMMERCIAL PROPERTIES SA EMP  PART","2012",NA
"916",368,"CYRELA COMMERCIAL PROPERTIES SA EMP  PART","2011",NA
"917",368,"CYRELA COMMERCIAL PROPERTIES SA EMP  PART","2010",NA
"918",370,"MOURA DUBEUX ENGENHARIA S/A","2015",NA
"919",370,"MOURA DUBEUX ENGENHARIA S/A","2014",0
"920",370,"MOURA DUBEUX ENGENHARIA S/A","2013",0
"921",370,"MOURA DUBEUX ENGENHARIA S/A","2012",NA
"922",370,"MOURA DUBEUX ENGENHARIA S/A","2011",NA
"923",370,"MOURA DUBEUX ENGENHARIA S/A","2010",NA
"924",372,"DURATEX S.A.","2017",NA
"925",372,"DURATEX S.A.","2016",3.66666666666667
"926",372,"DURATEX S.A.","2015",3.66666666666667
"927",372,"DURATEX S.A.","2014",2.66666666666667
"928",372,"DURATEX S.A.","2013",0
"929",372,"DURATEX S.A.","2012",NA
"930",372,"DURATEX S.A.","2011",NA
"931",372,"DURATEX S.A.","2010",NA
"932",0,"CHINA CONSTRUCTION BANK(BRASIL) BANCO MÚLTIPLO S.A.","2014",NA
"933",0,"CHINA CONSTRUCTION BANK(BRASIL) BANCO MÚLTIPLO S.A.","2013",NA
"934",0,"CHINA CONSTRUCTION BANK(BRASIL) BANCO MÚLTIPLO S.A.","2012",NA
"935",0,"CHINA CONSTRUCTION BANK(BRASIL) BANCO MÚLTIPLO S.A.","2011",NA
"936",0,"CHINA CONSTRUCTION BANK(BRASIL) BANCO MÚLTIPLO S.A.","2010",NA
"937",375,"SUL AMERICA S/A","2017",NA
"938",375,"SUL AMERICA S/A","2016",6.16666666666667
"939",375,"SUL AMERICA S/A","2015",5.6
"940",375,"SUL AMERICA S/A","2014",8.16666666666667
"941",375,"SUL AMERICA S/A","2013",0
"942",375,"SUL AMERICA S/A","2012",NA
"943",375,"SUL AMERICA S/A","2011",NA
"944",375,"SUL AMERICA S/A","2010",NA
"945",376,"TRISUL S/A","2017",NA
"946",376,"TRISUL S/A","2016",0
"947",376,"TRISUL S/A","2015",0
"948",376,"TRISUL S/A","2014",0
"949",376,"TRISUL S/A","2013",0
"950",376,"TRISUL S/A","2012",NA
"951",376,"TRISUL S/A","2011",NA
"952",376,"TRISUL S/A","2010",NA
"953",377,"CONSTRUTORA TENDA S/A","2017",NA
"954",377,"CONSTRUTORA TENDA S/A","2016",0
"955",377,"CONSTRUTORA TENDA S/A","2015",0
"956",377,"CONSTRUTORA TENDA S/A","2014",2.6
"957",377,"CONSTRUTORA TENDA S/A","2013",0
"958",378,"J.MACEDO S/A","2017",NA
"959",378,"J.MACEDO S/A","2016",1
"960",378,"J.MACEDO S/A","2014",0
"961",378,"J.MACEDO S/A","2013",0
"962",378,"J.MACEDO S/A","2012",NA
"963",378,"J.MACEDO S/A","2011",NA
"964",379,"AMIL PARTICIPAÇÕES S/A","2011",NA
"965",379,"AMIL PARTICIPAÇÕES S/A","2010",NA
"966",380,"BRASIL BROKERS PARTICIPAÇÕES SA","2017",NA
"967",380,"BRASIL BROKERS PARTICIPAÇÕES SA","2016",0
"968",380,"BRASIL BROKERS PARTICIPAÇÕES SA","2011",0
"969",380,"BRASIL BROKERS PARTICIPAÇÕES SA","2010",NA
"970",381,"BANCO PAN SA","2017",NA
"971",381,"BANCO PAN SA","2016",0.6
"972",381,"BANCO PAN SA","2015",2
"973",381,"BANCO PAN SA","2014",3.33333333333333
"974",381,"BANCO PAN SA","2013",0
"975",381,"BANCO PAN SA","2012",NA
"976",381,"BANCO PAN SA","2011",NA
"977",381,"BANCO PAN SA","2010",NA
"978",382,"ENEVA S.A.","2017",NA
"979",382,"ENEVA S.A.","2016",2.25
"980",382,"ENEVA S.A.","2015",2.25
"981",382,"ENEVA S.A.","2014",1
"982",382,"ENEVA S.A.","2013",0
"983",382,"ENEVA S.A.","2012",NA
"984",382,"ENEVA S.A.","2011",NA
"985",382,"ENEVA S.A.","2010",NA
"986",386,"ALIANSCE SHOPPING CENTERS S/A","2017",NA
"987",386,"ALIANSCE SHOPPING CENTERS S/A","2016",4
"988",386,"ALIANSCE SHOPPING CENTERS S/A","2015",4
"989",386,"ALIANSCE SHOPPING CENTERS S/A","2014",4.5
"990",386,"ALIANSCE SHOPPING CENTERS S/A","2013",0
"991",386,"ALIANSCE SHOPPING CENTERS S/A","2012",NA
"992",386,"ALIANSCE SHOPPING CENTERS S/A","2011",NA
"993",386,"ALIANSCE SHOPPING CENTERS S/A","2010",NA
"994",387,"NUTRIPLANT INDUSTRIA E COMÉRCIO S/A","2013",NA
"995",387,"NUTRIPLANT INDUSTRIA E COMÉRCIO S/A","2012",NA
"996",387,"NUTRIPLANT INDUSTRIA E COMÉRCIO S/A","2011",NA
"997",387,"NUTRIPLANT INDUSTRIA E COMÉRCIO S/A","2010",NA
"998",388,"OSX BRASIL S.A. - EM RECUPERAÇÃO JUDICIAL","2017",NA
"999",388,"OSX BRASIL S.A. - EM RECUPERAÇÃO JUDICIAL","2016",2
"1000",388,"OSX BRASIL S.A. - EM RECUPERAÇÃO JUDICIAL","2014",2
"1001",388,"OSX BRASIL S.A. - EM RECUPERAÇÃO JUDICIAL","2013",0
"1002",388,"OSX BRASIL S.A. - EM RECUPERAÇÃO JUDICIAL","2012",NA
"1003",388,"OSX BRASIL S.A. - EM RECUPERAÇÃO JUDICIAL","2011",NA
"1004",388,"OSX BRASIL S.A. - EM RECUPERAÇÃO JUDICIAL","2010",NA
"1005",389,"DIRECIONAL ENGENHARIA SA","2017",NA
"1006",389,"DIRECIONAL ENGENHARIA SA","2016",4.5
"1007",389,"DIRECIONAL ENGENHARIA SA","2015",3.5
"1008",389,"DIRECIONAL ENGENHARIA SA","2014",3.5
"1009",389,"DIRECIONAL ENGENHARIA SA","2013",0
"1010",389,"DIRECIONAL ENGENHARIA SA","2012",NA
"1011",389,"DIRECIONAL ENGENHARIA SA","2011",NA
"1012",392,"HYPERA S/A","2017",NA
"1013",392,"HYPERA S/A","2016",4.66666666666667
"1014",392,"HYPERA S/A","2015",4.66666666666667
"1015",392,"HYPERA S/A","2014",4.33333333333333
"1016",392,"HYPERA S/A","2013",0
"1017",392,"HYPERA S/A","2012",NA
"1018",392,"HYPERA S/A","2011",NA
"1019",392,"HYPERA S/A","2010",NA
"1020",393,"RESTOQUE COMÉRCIO E CONFECÇÕES DE ROUPAS SA","2017",NA
"1021",393,"RESTOQUE COMÉRCIO E CONFECÇÕES DE ROUPAS SA","2016",2.5
"1022",393,"RESTOQUE COMÉRCIO E CONFECÇÕES DE ROUPAS SA","2015",5
"1023",393,"RESTOQUE COMÉRCIO E CONFECÇÕES DE ROUPAS SA","2014",4
"1024",393,"RESTOQUE COMÉRCIO E CONFECÇÕES DE ROUPAS SA","2013",0
"1025",393,"RESTOQUE COMÉRCIO E CONFECÇÕES DE ROUPAS SA","2012",NA
"1026",393,"RESTOQUE COMÉRCIO E CONFECÇÕES DE ROUPAS SA","2011",NA
"1027",393,"RESTOQUE COMÉRCIO E CONFECÇÕES DE ROUPAS SA","2010",NA
"1028",394,"PRUMO LOGÍSTICA S.A.","2016",NA
"1029",394,"PRUMO LOGÍSTICA S.A.","2015",4.5
"1030",394,"PRUMO LOGÍSTICA S.A.","2014",3.5
"1031",394,"PRUMO LOGÍSTICA S.A.","2013",0
"1032",394,"PRUMO LOGÍSTICA S.A.","2012",NA
"1033",394,"PRUMO LOGÍSTICA S.A.","2011",NA
"1034",394,"PRUMO LOGÍSTICA S.A.","2010",NA
"1035",395,"ALUPAR INVESTIMENTO S/A","2017",NA
"1036",395,"ALUPAR INVESTIMENTO S/A","2016",2
"1037",395,"ALUPAR INVESTIMENTO S/A","2015",0.5
"1038",395,"ALUPAR INVESTIMENTO S/A","2014",0
"1039",395,"ALUPAR INVESTIMENTO S/A","2012",0
"1040",395,"ALUPAR INVESTIMENTO S/A","2011",NA
"1041",395,"ALUPAR INVESTIMENTO S/A","2010",NA
"1042",397,"UNIDAS S/A","2017",NA
"1043",397,"UNIDAS S/A","2016",0
"1044",397,"UNIDAS S/A","2015",0
"1045",397,"UNIDAS S/A","2012",1
"1046",403,"B3 S.A. - BRASIL, BOLSA, BALCÃO","2017",NA
"1047",403,"B3 S.A. - BRASIL, BOLSA, BALCÃO","2016",0.666666666666667
"1048",403,"B3 S.A. - BRASIL, BOLSA, BALCÃO","2015",0
"1049",403,"B3 S.A. - BRASIL, BOLSA, BALCÃO","2014",1.25
"1050",403,"B3 S.A. - BRASIL, BOLSA, BALCÃO","2013",0
"1051",403,"B3 S.A. - BRASIL, BOLSA, BALCÃO","2012",NA
"1052",403,"B3 S.A. - BRASIL, BOLSA, BALCÃO","2011",NA
"1053",403,"B3 S.A. - BRASIL, BOLSA, BALCÃO","2010",NA
"1054",405,"RENOVA ENERGIA S/A","2017",NA
"1055",405,"RENOVA ENERGIA S/A","2016",6.5
"1056",405,"RENOVA ENERGIA S/A","2015",6.5
"1057",405,"RENOVA ENERGIA S/A","2014",0
"1058",405,"RENOVA ENERGIA S/A","2013",0
"1059",405,"RENOVA ENERGIA S/A","2012",NA
"1060",405,"RENOVA ENERGIA S/A","2011",NA
"1061",405,"RENOVA ENERGIA S/A","2010",NA
"1062",409,"TARPON INVESTIMENTOS S/A","2017",NA
"1063",409,"TARPON INVESTIMENTOS S/A","2016",0
"1064",409,"TARPON INVESTIMENTOS S/A","2015",0
"1065",409,"TARPON INVESTIMENTOS S/A","2014",4.5
"1066",409,"TARPON INVESTIMENTOS S/A","2013",0
"1067",409,"TARPON INVESTIMENTOS S/A","2012",NA
"1068",409,"TARPON INVESTIMENTOS S/A","2011",NA
"1069",409,"TARPON INVESTIMENTOS S/A","2010",NA
"1070",411,"CIELO S.A.","2017",NA
"1071",411,"CIELO S.A.","2016",3.33333333333333
"1072",411,"CIELO S.A.","2015",0
"1073",411,"CIELO S.A.","2014",4
"1074",411,"CIELO S.A.","2013",0
"1075",411,"CIELO S.A.","2012",NA
"1076",411,"CIELO S.A.","2011",NA
"1077",414,"PORTX OPERAÇÕES PORTUÁRIAS S.A.","2011",NA
"1078",414,"PORTX OPERAÇÕES PORTUÁRIAS S.A.","2010",NA
"1079",416,"CETIP S.A. - MERCADOS ORGANIZADOS","2016",NA
"1080",416,"CETIP S.A. - MERCADOS ORGANIZADOS","2015",0
"1081",416,"CETIP S.A. - MERCADOS ORGANIZADOS","2014",0.4
"1082",416,"CETIP S.A. - MERCADOS ORGANIZADOS","2013",0
"1083",416,"CETIP S.A. - MERCADOS ORGANIZADOS","2012",NA
"1084",416,"CETIP S.A. - MERCADOS ORGANIZADOS","2011",NA
"1085",416,"CETIP S.A. - MERCADOS ORGANIZADOS","2010",NA
"1086",421,"FLEURY SA","2017",NA
"1087",421,"FLEURY SA","2016",1
"1088",421,"FLEURY SA","2015",0
"1089",421,"FLEURY SA","2014",1
"1090",421,"FLEURY SA","2013",0
"1091",421,"FLEURY SA","2012",NA
"1092",421,"FLEURY SA","2011",NA
"1093",421,"FLEURY SA","2010",NA
"1094",425,"MULTIPLUS SA","2017",NA
"1095",425,"MULTIPLUS SA","2016",3
"1096",425,"MULTIPLUS SA","2015",3
"1097",425,"MULTIPLUS SA","2014",1
"1098",425,"MULTIPLUS SA","2013",0
"1099",425,"MULTIPLUS SA","2012",NA
"1100",425,"MULTIPLUS SA","2010",NA
"1101",428,"MILLS ESTRUTURAS E SERVIÇOS DE ENGENHARIA S/A","2017",NA
"1102",428,"MILLS ESTRUTURAS E SERVIÇOS DE ENGENHARIA S/A","2016",1
"1103",428,"MILLS ESTRUTURAS E SERVIÇOS DE ENGENHARIA S/A","2015",1
"1104",428,"MILLS ESTRUTURAS E SERVIÇOS DE ENGENHARIA S/A","2014",0.666666666666667
"1105",428,"MILLS ESTRUTURAS E SERVIÇOS DE ENGENHARIA S/A","2013",0
"1106",428,"MILLS ESTRUTURAS E SERVIÇOS DE ENGENHARIA S/A","2012",NA
"1107",428,"MILLS ESTRUTURAS E SERVIÇOS DE ENGENHARIA S/A","2011",NA
"1108",428,"MILLS ESTRUTURAS E SERVIÇOS DE ENGENHARIA S/A","2010",NA
"1109",429,"JSL S.A.","2017",NA
"1110",429,"JSL S.A.","2016",3.5
"1111",429,"JSL S.A.","2015",0
"1112",429,"JSL S.A.","2014",3.5
"1113",429,"JSL S.A.","2013",0
"1114",429,"JSL S.A.","2012",NA
"1115",429,"JSL S.A.","2011",NA
"1116",429,"JSL S.A.","2010",NA
"1117",431,"DUXXI IMOBILIÁRIA S.A.","2013",NA
"1118",431,"DUXXI IMOBILIÁRIA S.A.","2012",NA
"1119",432,"MARISA LOJAS SA","2017",NA
"1120",432,"MARISA LOJAS SA","2016",5
"1121",432,"MARISA LOJAS SA","2015",5
"1122",432,"MARISA LOJAS SA","2014",0
"1123",432,"MARISA LOJAS SA","2013",0
"1124",432,"MARISA LOJAS SA","2012",NA
"1125",432,"MARISA LOJAS SA","2011",NA
"1126",432,"MARISA LOJAS SA","2010",NA
"1127",434,"COMPANHIA PAULISTA DE SECURITIZAÇÃO","2016",NA
"1128",435,"REDENTOR ENERGIA S/A","2014",NA
"1129",435,"REDENTOR ENERGIA S/A","2013",NA
"1130",435,"REDENTOR ENERGIA S/A","2012",NA
"1131",435,"REDENTOR ENERGIA S/A","2011",NA
"1132",435,"REDENTOR ENERGIA S/A","2010",NA
"1133",436,"TEREOS INTERNACIONAL S/A","2016",NA
"1134",436,"TEREOS INTERNACIONAL S/A","2015",0
"1135",436,"TEREOS INTERNACIONAL S/A","2014",0
"1136",436,"TEREOS INTERNACIONAL S/A","2013",NA
"1137",436,"TEREOS INTERNACIONAL S/A","2012",NA
"1138",436,"TEREOS INTERNACIONAL S/A","2011",NA
"1139",436,"TEREOS INTERNACIONAL S/A","2010",NA
"1140",439,"AFLUENTE TRANSMISSÃO DE ENERGIA ELETRICA S/A","2013",NA
"1141",440,"PETRO RIO S.A.","2017",NA
"1142",440,"PETRO RIO S.A.","2016",2
"1143",440,"PETRO RIO S.A.","2015",2
"1144",440,"PETRO RIO S.A.","2014",1.5
"1145",440,"PETRO RIO S.A.","2013",0
"1146",440,"PETRO RIO S.A.","2012",NA
"1147",440,"PETRO RIO S.A.","2011",NA
"1148",440,"PETRO RIO S.A.","2010",NA
"1149",441,"BR INSURANCE CORRETORA DE SEGUROS S.A.","2017",NA
"1150",441,"BR INSURANCE CORRETORA DE SEGUROS S.A.","2016",0.666666666666667
"1151",441,"BR INSURANCE CORRETORA DE SEGUROS S.A.","2015",0.666666666666667
"1152",441,"BR INSURANCE CORRETORA DE SEGUROS S.A.","2014",1.66666666666667
"1153",441,"BR INSURANCE CORRETORA DE SEGUROS S.A.","2013",0
"1154",441,"BR INSURANCE CORRETORA DE SEGUROS S.A.","2012",NA
"1155",441,"BR INSURANCE CORRETORA DE SEGUROS S.A.","2011",NA
"1156",441,"BR INSURANCE CORRETORA DE SEGUROS S.A.","2010",NA
"1157",449,"RAIA SA","2010",NA
"1158",450,"RJ CAPITAL PARTNERS S.A.","2011",NA
"1159",451,"AREZZO INDÚSTRIA E COMERCIO S/A","2017",NA
"1160",451,"AREZZO INDÚSTRIA E COMERCIO S/A","2016",0
"1161",451,"AREZZO INDÚSTRIA E COMERCIO S/A","2015",0
"1162",451,"AREZZO INDÚSTRIA E COMERCIO S/A","2014",2
"1163",451,"AREZZO INDÚSTRIA E COMERCIO S/A","2013",0
"1164",451,"AREZZO INDÚSTRIA E COMERCIO S/A","2012",NA
"1165",451,"AREZZO INDÚSTRIA E COMERCIO S/A","2011",NA
"1166",451,"AREZZO INDÚSTRIA E COMERCIO S/A","2010",NA
"1167",452,"SONAE SIERRA BRASIL S/A","2017",NA
"1168",452,"SONAE SIERRA BRASIL S/A","2016",2
"1169",452,"SONAE SIERRA BRASIL S/A","2015",2
"1170",452,"SONAE SIERRA BRASIL S/A","2014",4
"1171",452,"SONAE SIERRA BRASIL S/A","2013",0
"1172",452,"SONAE SIERRA BRASIL S/A","2012",NA
"1173",452,"SONAE SIERRA BRASIL S/A","2011",NA
"1174",452,"SONAE SIERRA BRASIL S/A","2010",NA
"1175",453,"QGEP PARTICIPAÇÕES SA","2017",NA
"1176",453,"QGEP PARTICIPAÇÕES SA","2016",4
"1177",453,"QGEP PARTICIPAÇÕES SA","2015",0
"1178",453,"QGEP PARTICIPAÇÕES SA","2014",3
"1179",453,"QGEP PARTICIPAÇÕES SA","2013",0
"1180",453,"QGEP PARTICIPAÇÕES SA","2012",NA
"1181",453,"QGEP PARTICIPAÇÕES SA","2011",NA
"1182",453,"QGEP PARTICIPAÇÕES SA","2010",NA
"1183",454,"AUTOMETAL S/A","2013",NA
"1184",454,"AUTOMETAL S/A","2012",NA
"1185",454,"AUTOMETAL S/A","2011",NA
"1186",454,"AUTOMETAL S/A","2010",NA
"1187",456,"IGUA SANEAMENTO S.A.","2017",NA
"1188",456,"IGUA SANEAMENTO S.A.","2016",0
"1189",456,"IGUA SANEAMENTO S.A.","2015",0
"1190",456,"IGUA SANEAMENTO S.A.","2014",1
"1191",456,"IGUA SANEAMENTO S.A.","2013",0
"1192",456,"IGUA SANEAMENTO S.A.","2012",NA
"1193",459,"INTERNATIONAL MEAL COMPANY HOLDINGS, SA","2013",NA
"1194",459,"INTERNATIONAL MEAL COMPANY HOLDINGS, SA","2012",NA
"1195",459,"INTERNATIONAL MEAL COMPANY HOLDINGS, SA","2011",NA
"1196",459,"INTERNATIONAL MEAL COMPANY HOLDINGS, SA","2010",NA
"1197",460,"T4F ENTRETENIMENTO SA","2017",NA
"1198",460,"T4F ENTRETENIMENTO SA","2016",0
"1199",460,"T4F ENTRETENIMENTO SA","2015",0
"1200",460,"T4F ENTRETENIMENTO SA","2014",1
"1201",460,"T4F ENTRETENIMENTO SA","2013",0
"1202",460,"T4F ENTRETENIMENTO SA","2012",NA
"1203",460,"T4F ENTRETENIMENTO SA","2011",NA
"1204",460,"T4F ENTRETENIMENTO SA","2010",NA
"1205",461,"MAGAZINE LUIZA SA","2017",NA
"1206",461,"MAGAZINE LUIZA SA","2016",3
"1207",461,"MAGAZINE LUIZA SA","2015",3
"1208",461,"MAGAZINE LUIZA SA","2014",3
"1209",461,"MAGAZINE LUIZA SA","2013",0
"1210",461,"MAGAZINE LUIZA SA","2012",NA
"1211",461,"MAGAZINE LUIZA SA","2011",NA
"1212",461,"MAGAZINE LUIZA SA","2010",NA
"1213",463,"QUALICORP SA","2017",NA
"1214",463,"QUALICORP SA","2016",3
"1215",463,"QUALICORP SA","2015",3
"1216",463,"QUALICORP SA","2014",2
"1217",463,"QUALICORP SA","2013",0
"1218",463,"QUALICORP SA","2012",NA
"1219",463,"QUALICORP SA","2011",NA
"1220",463,"QUALICORP SA","2010",NA
"1221",464,"BRASIL PHARMA SA","2017",NA
"1222",464,"BRASIL PHARMA SA","2016",1
"1223",464,"BRASIL PHARMA SA","2015",1
"1224",464,"BRASIL PHARMA SA","2013",1
"1225",464,"BRASIL PHARMA SA","2012",NA
"1226",464,"BRASIL PHARMA SA","2011",NA
"1227",464,"BRASIL PHARMA SA","2010",NA
"1228",465,"TECHNOS SA","2017",NA
"1229",465,"TECHNOS SA","2016",0
"1230",465,"TECHNOS SA","2015",0
"1231",465,"TECHNOS SA","2014",0
"1232",465,"TECHNOS SA","2013",0
"1233",465,"TECHNOS SA","2012",NA
"1234",465,"TECHNOS SA","2010",NA
"1235",466,"PERENCO PETRÓLEO E GÁS DO BRASIL PARTICIPAÇÕES S/A","2010",NA
"1236",467,"COPERSUCAR SA","2011",NA
"1237",469,"SOMOS EDUCAÇÃO S.A.","2017",NA
"1238",469,"SOMOS EDUCAÇÃO S.A.","2016",3.5
"1239",469,"SOMOS EDUCAÇÃO S.A.","2015",2.5
"1240",469,"SOMOS EDUCAÇÃO S.A.","2014",1.75
"1241",469,"SOMOS EDUCAÇÃO S.A.","2013",0
"1242",469,"SOMOS EDUCAÇÃO S.A.","2012",NA
"1243",469,"SOMOS EDUCAÇÃO S.A.","2011",NA
"1244",469,"SOMOS EDUCAÇÃO S.A.","2010",NA
"1245",472,"MLOG S.A.","2015",NA
"1246",472,"MLOG S.A.","2014",0
"1247",474,"EMPREENDIMENTOS PAGUE MENOS SA","2017",NA
"1248",474,"EMPREENDIMENTOS PAGUE MENOS SA","2016",1
"1249",474,"EMPREENDIMENTOS PAGUE MENOS SA","2015",1
"1250",474,"EMPREENDIMENTOS PAGUE MENOS SA","2014",1
"1251",474,"EMPREENDIMENTOS PAGUE MENOS SA","2013",NA
"1252",474,"EMPREENDIMENTOS PAGUE MENOS SA","2012",NA
"1253",474,"EMPREENDIMENTOS PAGUE MENOS SA","2011",NA
"1254",474,"EMPREENDIMENTOS PAGUE MENOS SA","2010",NA
"1255",475,"BANCO BTG PACTUAL S/A","2016",NA
"1256",475,"BANCO BTG PACTUAL S/A","2014",0
"1257",482,"COMPANHIA DE LOCAÇÃO DAS AMERICAS","2017",NA
"1258",482,"COMPANHIA DE LOCAÇÃO DAS AMERICAS","2016",3
"1259",482,"COMPANHIA DE LOCAÇÃO DAS AMERICAS","2015",3
"1260",482,"COMPANHIA DE LOCAÇÃO DAS AMERICAS","2014",2.5
"1261",482,"COMPANHIA DE LOCAÇÃO DAS AMERICAS","2013",0
"1262",482,"COMPANHIA DE LOCAÇÃO DAS AMERICAS","2012",NA
"1263",482,"COMPANHIA DE LOCAÇÃO DAS AMERICAS","2011",NA
"1264",482,"COMPANHIA DE LOCAÇÃO DAS AMERICAS","2010",NA
"1265",486,"VIGOR ALIMENTOS S.A.","2015",NA
"1266",486,"VIGOR ALIMENTOS S.A.","2014",3
"1267",486,"VIGOR ALIMENTOS S.A.","2013",0
"1268",486,"VIGOR ALIMENTOS S.A.","2012",NA
"1269",487,"UNICASA INDÚSTRIA DE MÓVEIS S.A.","2017",NA
"1270",487,"UNICASA INDÚSTRIA DE MÓVEIS S.A.","2016",1
"1271",487,"UNICASA INDÚSTRIA DE MÓVEIS S.A.","2015",1
"1272",487,"UNICASA INDÚSTRIA DE MÓVEIS S.A.","2014",1
"1273",487,"UNICASA INDÚSTRIA DE MÓVEIS S.A.","2013",0
"1274",487,"UNICASA INDÚSTRIA DE MÓVEIS S.A.","2012",NA
"1275",487,"UNICASA INDÚSTRIA DE MÓVEIS S.A.","2011",NA
"1276",488,"SENIOR SOLUTION S.A.","2017",NA
"1277",488,"SENIOR SOLUTION S.A.","2016",6.33333333333333
"1278",488,"SENIOR SOLUTION S.A.","2015",8.5
"1279",488,"SENIOR SOLUTION S.A.","2014",7.5
"1280",488,"SENIOR SOLUTION S.A.","2013",0
"1281",490,"BIOSEV S.A.","2017",NA
"1282",490,"BIOSEV S.A.","2016",4
"1283",490,"BIOSEV S.A.","2015",4
"1284",490,"BIOSEV S.A.","2014",0
"1285",490,"BIOSEV S.A.","2013",NA
"1286",490,"BIOSEV S.A.","2012",NA
"1287",496,"NORTEC QUIMICA S.A.","2017",NA
"1288",496,"NORTEC QUIMICA S.A.","2016",6.5
"1289",496,"NORTEC QUIMICA S.A.","2011",6.5
"1290",497,"LIGHT ENERGIA S.A.","2016",NA
"1291",498,"LINX S.A.","2017",NA
"1292",498,"LINX S.A.","2016",0
"1293",498,"LINX S.A.","2015",0
"1294",498,"LINX S.A.","2014",2.5
"1295",498,"LINX S.A.","2013",0
"1296",498,"LINX S.A.","2012",NA
"1297",498,"LINX S.A.","2011",NA
"1298",500,"BPMB I PARTICIPAÇÕES S.A.","2014",NA
"1299",502,"SMILES S.A.","2016",NA
"1300",502,"SMILES S.A.","2015",3.5
"1301",502,"SMILES S.A.","2014",3.5
"1302",502,"SMILES S.A.","2013",0
"1303",502,"SMILES S.A.","2012",NA
"1304",503,"BB SEGURIDADE PARTICIPAÇÕES S.A.","2017",NA
"1305",503,"BB SEGURIDADE PARTICIPAÇÕES S.A.","2016",3
"1306",503,"BB SEGURIDADE PARTICIPAÇÕES S.A.","2015",1.5
"1307",503,"BB SEGURIDADE PARTICIPAÇÕES S.A.","2014",3
"1308",503,"BB SEGURIDADE PARTICIPAÇÕES S.A.","2013",0
"1309",503,"BB SEGURIDADE PARTICIPAÇÕES S.A.","2012",NA
"1310",507,"SER EDUCACIONAL S.A.","2017",NA
"1311",507,"SER EDUCACIONAL S.A.","2016",0
"1312",507,"SER EDUCACIONAL S.A.","2015",0
"1313",507,"SER EDUCACIONAL S.A.","2014",2
"1314",507,"SER EDUCACIONAL S.A.","2013",0
"1315",509,"ANIMA HOLDING S/A","2017",NA
"1316",509,"ANIMA HOLDING S/A","2016",0.5
"1317",509,"ANIMA HOLDING S/A","2015",0
"1318",509,"ANIMA HOLDING S/A","2014",1
"1319",509,"ANIMA HOLDING S/A","2013",0
"1320",509,"ANIMA HOLDING S/A","2012",NA
"1321",510,"AMBEV S.A.","2017",NA
"1322",511,"LOG COMMERCIAL PROPERTIES E PARTICIPAÇÕES S.A.","2014",NA
"1323",511,"LOG COMMERCIAL PROPERTIES E PARTICIPAÇÕES S.A.","2013",NA
"1324",511,"LOG COMMERCIAL PROPERTIES E PARTICIPAÇÕES S.A.","2012",NA
"1325",512,"OURO VERDE LOCAÇÃO E SERVIÇO S.A.","2017",NA
"1326",512,"OURO VERDE LOCAÇÃO E SERVIÇO S.A.","2016",4
"1327",512,"OURO VERDE LOCAÇÃO E SERVIÇO S.A.","2015",4
"1328",512,"OURO VERDE LOCAÇÃO E SERVIÇO S.A.","2014",4
"1329",512,"OURO VERDE LOCAÇÃO E SERVIÇO S.A.","2013",NA
"1330",512,"OURO VERDE LOCAÇÃO E SERVIÇO S.A.","2012",NA
"1331",514,"QUALITY SOFTWARE S.A.","2017",NA
"1332",514,"QUALITY SOFTWARE S.A.","2016",0
"1333",514,"QUALITY SOFTWARE S.A.","2015",0
"1334",515,"CVC BRASIL OPERADORA E AGÊNCIA DE VIAGENS SA","2017",NA
"1335",515,"CVC BRASIL OPERADORA E AGÊNCIA DE VIAGENS SA","2016",0
"1336",515,"CVC BRASIL OPERADORA E AGÊNCIA DE VIAGENS SA","2015",0
"1337",515,"CVC BRASIL OPERADORA E AGÊNCIA DE VIAGENS SA","2014",0
"1338",515,"CVC BRASIL OPERADORA E AGÊNCIA DE VIAGENS SA","2012",NA
"1339",518,"SANTO ANTONIO ENERGIA S.A.","2017",NA
"1340",518,"SANTO ANTONIO ENERGIA S.A.","2016",2
"1341",518,"SANTO ANTONIO ENERGIA S.A.","2014",1
"1342",518,"SANTO ANTONIO ENERGIA S.A.","2013",0
"1343",519,"OMEGA GERAÇÃO S.A.","2017",NA
"1344",519,"OMEGA GERAÇÃO S.A.","2016",0.666666666666667
"1345",519,"OMEGA GERAÇÃO S.A.","2013",0.666666666666667
"1346",521,"AGUAS GUARIROBA S.A.","2013",NA
"1347",522,"RUMO LOGÍSTICA OPERADORA MULTIMODAL S.A.","2015",NA
"1348",522,"RUMO LOGÍSTICA OPERADORA MULTIMODAL S.A.","2014",0
"1349",522,"RUMO LOGÍSTICA OPERADORA MULTIMODAL S.A.","2013",0
"1350",525,"COSAN LOGÍSTICA S.A.","2017",NA
"1351",525,"COSAN LOGÍSTICA S.A.","2016",0.333333333333333
"1352",525,"COSAN LOGÍSTICA S.A.","2015",0.333333333333333
"1353",525,"COSAN LOGÍSTICA S.A.","2014",0
"1354",525,"COSAN LOGÍSTICA S.A.","2013",0
"1355",526,"DOMMO ENERGIA S.A.","2017",NA
"1356",526,"DOMMO ENERGIA S.A.","2014",2
"1357",527,"OURO FINO SAÚDE ANIMAL PARTICIPAÇÕES S.A.","2017",NA
"1358",527,"OURO FINO SAÚDE ANIMAL PARTICIPAÇÕES S.A.","2016",1.66666666666667
"1359",527,"OURO FINO SAÚDE ANIMAL PARTICIPAÇÕES S.A.","2015",1.66666666666667
"1360",527,"OURO FINO SAÚDE ANIMAL PARTICIPAÇÕES S.A.","2014",0.666666666666667
"1361",531,"INTERNATIONAL MEAL COMPANY ALIMENTAÇÃO S.A.","2017",NA
"1362",531,"INTERNATIONAL MEAL COMPANY ALIMENTAÇÃO S.A.","2016",1.66666666666667
"1363",531,"INTERNATIONAL MEAL COMPANY ALIMENTAÇÃO S.A.","2015",0
"1364",531,"INTERNATIONAL MEAL COMPANY ALIMENTAÇÃO S.A.","2014",2
"1365",531,"INTERNATIONAL MEAL COMPANY ALIMENTAÇÃO S.A.","2013",0
"1366",532,"WIZ SOLUÇÕES E CORRETAGEM DE SEGUROS S.A.","2017",NA
"1367",532,"WIZ SOLUÇÕES E CORRETAGEM DE SEGUROS S.A.","2016",1
"1368",532,"WIZ SOLUÇÕES E CORRETAGEM DE SEGUROS S.A.","2015",1
"1369",532,"WIZ SOLUÇÕES E CORRETAGEM DE SEGUROS S.A.","2014",1.5
"1370",534,"MAESTRO LOCADORA DE VEÍCULOS S.A.","2017",NA
"1371",534,"MAESTRO LOCADORA DE VEÍCULOS S.A.","2016",0
"1372",534,"MAESTRO LOCADORA DE VEÍCULOS S.A.","2015",0
"1373",534,"MAESTRO LOCADORA DE VEÍCULOS S.A.","2014",0
"1374",535,"BR HOME CENTERS S.A.","2017",NA
"1375",535,"BR HOME CENTERS S.A.","2016",3
"1376",535,"BR HOME CENTERS S.A.","2015",0
"1377",535,"BR HOME CENTERS S.A.","2014",0
"1378",536,"PRÁTICA PARTICIPAÇÕES S.A.","2016",NA
"1379",536,"PRÁTICA PARTICIPAÇÕES S.A.","2015",1.5
"1380",536,"PRÁTICA PARTICIPAÇÕES S.A.","2014",1
"1381",542,"BRQ SOLUÇÕES EM INFORMÁTICA S.A.","2017",NA
"1382",542,"BRQ SOLUÇÕES EM INFORMÁTICA S.A.","2016",0
"1383",543,"MOVIDA PARTICIPAÇÕES S.A.","2017",NA
"1384",543,"MOVIDA PARTICIPAÇÕES S.A.","2016",1
"1385",543,"MOVIDA PARTICIPAÇÕES S.A.","2015",1
"1386",545,"CINESYSTEM S.A.","2015",NA
"1387",546,"CTC - CENTRO DE TECNOLOGIA CANAVIEIRA S.A.","2017",NA
"1388",546,"CTC - CENTRO DE TECNOLOGIA CANAVIEIRA S.A.","2016",1.66666666666667
"1389",550,"CENTRO DE IMAGEM DIAGNÓSTICOS S.A.","2017",NA
"1390",550,"CENTRO DE IMAGEM DIAGNÓSTICOS S.A.","2016",0
"1391",550,"CENTRO DE IMAGEM DIAGNÓSTICOS S.A.","2015",0
"1392",551,"TCP - TERMINAL DE CONTÊINERES DE PARANAGUÁ S.A.","2015",NA
"1393",552,"INSTITUTO HERMES PARDINI S/A","2017",NA
"1394",552,"INSTITUTO HERMES PARDINI S/A","2016",0
"1395",554,"AZUL S.A.","2017",NA
"1396",554,"AZUL S.A.","2016",2.875
"1397",556,"ATACADÃO S.A.","2017",NA
"1398",556,"ATACADÃO S.A.","2016",1
"1399",557,"IRB - BRASIL RESSEGUROS S.A.","2017",NA
"1400",557,"IRB - BRASIL RESSEGUROS S.A.","2016",0.666666666666667
"1401",558,"STARA S.A. - INDÚSTRIA DE IMPLEMENTOS AGRÍCOLAS","2017",NA
"1402",558,"STARA S.A. - INDÚSTRIA DE IMPLEMENTOS AGRÍCOLAS","2016",2
"1403",559,"CAMIL ALIMENTOS S/A","2017",NA
"1404",561,"SMILES FIDELIDADE S.A.","2017",NA
"1405",561,"SMILES FIDELIDADE S.A.","2016",0.666666666666667
"1406",563,"INTER CONSTRUTORA E INCORPORADORA S.A","2016",NA
"1407",564,"CELULOSE IRANI SA","2017",NA
"1408",564,"CELULOSE IRANI SA","2016",1.5
"1409",564,"CELULOSE IRANI SA","2015",0
"1410",564,"CELULOSE IRANI SA","2014",1
"1411",564,"CELULOSE IRANI SA","2013",0
"1412",564,"CELULOSE IRANI SA","2012",NA
"1413",564,"CELULOSE IRANI SA","2011",NA
"1414",565,"PETROBRAS DISTRIBUIDORA SA","2017",NA
"1415",566,"BK BRASIL OPERAÇÃO E ASSESSORIA A RESTAURANTES S.A.","2017",NA
"1416",566,"BK BRASIL OPERAÇÃO E ASSESSORIA A RESTAURANTES S.A.","2016",0
"1417",568,"FLEX GESTÃO DE RELACIONAMENTO S.A.","2017",NA
"1418",568,"FLEX GESTÃO DE RELACIONAMENTO S.A.","2016",3
"1419",569,"CENTRAIS ELETRICAS BRASILEIRAS SA","2017",NA
"1420",569,"CENTRAIS ELETRICAS BRASILEIRAS SA","2016",0
"1421",569,"CENTRAIS ELETRICAS BRASILEIRAS SA","2015",0
"1422",570,"NOTRE DAME INTERMÉDICA PARTICIPAÇÕES S.A.","2017",NA
"1423",571,"HAPVIDA PARTICIPAÇÕES E INVESTIMENTOS S.A.","2017",NA
"1424",572,"BANCO INTER S.A.","2017",NA
"1425",578,"CIA ENERG MINAS GERAIS - CEMIG","2017",NA
"1426",578,"CIA ENERG MINAS GERAIS - CEMIG","2016",2
"1427",578,"CIA ENERG MINAS GERAIS - CEMIG","2015",1.5
"1428",578,"CIA ENERG MINAS GERAIS - CEMIG","2014",1
"1429",579,"CENTRAIS ELETRICAS DE SANTA CATARINA S.A","2017",NA
"1430",579,"CENTRAIS ELETRICAS DE SANTA CATARINA S.A","2016",2.16666666666667
"1431",579,"CENTRAIS ELETRICAS DE SANTA CATARINA S.A","2015",1.6
"1432",579,"CENTRAIS ELETRICAS DE SANTA CATARINA S.A","2014",2
"1433",579,"CENTRAIS ELETRICAS DE SANTA CATARINA S.A","2013",0
"1434",579,"CENTRAIS ELETRICAS DE SANTA CATARINA S.A","2012",NA
"1435",579,"CENTRAIS ELETRICAS DE SANTA CATARINA S.A","2011",NA
"1436",579,"CENTRAIS ELETRICAS DE SANTA CATARINA S.A","2010",NA
"1437",581,"CESP - COMPANHIA ENERGÉTICA DE SÃO PAULO","2017",NA
"1438",581,"CESP - COMPANHIA ENERGÉTICA DE SÃO PAULO","2014",0
"1439",581,"CESP - COMPANHIA ENERGÉTICA DE SÃO PAULO","2013",0
"1440",581,"CESP - COMPANHIA ENERGÉTICA DE SÃO PAULO","2012",NA
"1441",581,"CESP - COMPANHIA ENERGÉTICA DE SÃO PAULO","2011",NA
"1442",581,"CESP - COMPANHIA ENERGÉTICA DE SÃO PAULO","2010",NA
"1443",583,"AMPLA ENERGIA E SERVIÇOS S.A.","2015",NA
"1444",583,"AMPLA ENERGIA E SERVIÇOS S.A.","2013",0
"1445",585,"COMPANHIA DE FIACAO E TECIDOS CEDRO E CACHOEIRA","2013",NA
"1446",585,"COMPANHIA DE FIACAO E TECIDOS CEDRO E CACHOEIRA","2012",NA
"1447",585,"COMPANHIA DE FIACAO E TECIDOS CEDRO E CACHOEIRA","2011",NA
"1448",585,"COMPANHIA DE FIACAO E TECIDOS CEDRO E CACHOEIRA","2010",NA
"1449",587,"CIA TECIDOS NORTE DE MINAS - COTEMINAS","2017",NA
"1450",587,"CIA TECIDOS NORTE DE MINAS - COTEMINAS","2016",3.5
"1451",587,"CIA TECIDOS NORTE DE MINAS - COTEMINAS","2015",3.5
"1452",587,"CIA TECIDOS NORTE DE MINAS - COTEMINAS","2014",1.5
"1453",587,"CIA TECIDOS NORTE DE MINAS - COTEMINAS","2012",0
"1454",587,"CIA TECIDOS NORTE DE MINAS - COTEMINAS","2011",NA
"1455",587,"CIA TECIDOS NORTE DE MINAS - COTEMINAS","2010",NA
"1456",590,"REDE ENERGIA PARTICIPAÇÕES S.A.","2010",NA
"1457",592,"COMPANHIIA HABITASUL DE PARTICIPAÇÕES","2017",NA
"1458",592,"COMPANHIIA HABITASUL DE PARTICIPAÇÕES","2016",2
"1459",592,"COMPANHIIA HABITASUL DE PARTICIPAÇÕES","2015",2
"1460",592,"COMPANHIIA HABITASUL DE PARTICIPAÇÕES","2014",12
"1461",594,"COMPANHIA INDUSTRIAL CATAGUASES","2016",NA
"1462",597,"COMPANHIA PAULISTA DE FORCA LUZ - CPFL","2017",NA
"1463",597,"COMPANHIA PAULISTA DE FORCA LUZ - CPFL","2016",0
"1464",598,"FINANCEIRA ALFA S.A.- C.F.I","2017",NA
"1465",598,"FINANCEIRA ALFA S.A.- C.F.I","2016",0
"1466",598,"FINANCEIRA ALFA S.A.- C.F.I","2015",0
"1467",598,"FINANCEIRA ALFA S.A.- C.F.I","2014",3
"1468",598,"FINANCEIRA ALFA S.A.- C.F.I","2013",0
"1469",598,"FINANCEIRA ALFA S.A.- C.F.I","2012",NA
"1470",598,"FINANCEIRA ALFA S.A.- C.F.I","2011",NA
"1471",598,"FINANCEIRA ALFA S.A.- C.F.I","2010",NA
"1472",599,"GERDAU S.A.","2017",NA
"1473",599,"GERDAU S.A.","2016",0
"1474",599,"GERDAU S.A.","2015",2
"1475",599,"GERDAU S.A.","2014",5.66666666666667
"1476",599,"GERDAU S.A.","2013",0
"1477",599,"GERDAU S.A.","2012",NA
"1478",600,"CIA SIDERURGICA NACIONAL","2017",NA
"1479",600,"CIA SIDERURGICA NACIONAL","2016",9.5
"1480",600,"CIA SIDERURGICA NACIONAL","2015",11.6666666666667
"1481",600,"CIA SIDERURGICA NACIONAL","2014",10.6666666666667
"1482",600,"CIA SIDERURGICA NACIONAL","2010",0
"1483",601,"SOUZA CRUZ SA","2014",NA
"1484",601,"SOUZA CRUZ SA","2013",NA
"1485",601,"SOUZA CRUZ SA","2012",NA
"1486",601,"SOUZA CRUZ SA","2011",NA
"1487",601,"SOUZA CRUZ SA","2010",NA
"1488",604,"VALE S.A.","2017",NA
"1489",604,"VALE S.A.","2016",0
"1490",604,"VALE S.A.","2014",0
"1491",605,"ELEKEIROZ S/A","2016",NA
"1492",605,"ELEKEIROZ S/A","2014",5
"1493",605,"ELEKEIROZ S/A","2013",0
"1494",605,"ELEKEIROZ S/A","2012",NA
"1495",605,"ELEKEIROZ S/A","2011",NA
"1496",605,"ELEKEIROZ S/A","2010",NA
"1497",608,"CONFAB INDUSTRIAL SA","2010",NA
"1498",616,"BRASKEM S.A.","2017",NA
"1499",616,"BRASKEM S.A.","2016",2
"1500",616,"BRASKEM S.A.","2015",2
"1501",616,"BRASKEM S.A.","2014",1
"1502",618,"DOHLER S.A.","2017",NA
"1503",619,"RAIA DROGASIL S.A.","2017",NA
"1504",619,"RAIA DROGASIL S.A.","2016",6
"1505",619,"RAIA DROGASIL S.A.","2015",18
"1506",619,"RAIA DROGASIL S.A.","2014",8
"1507",619,"RAIA DROGASIL S.A.","2013",0
"1508",619,"RAIA DROGASIL S.A.","2012",NA
"1509",619,"RAIA DROGASIL S.A.","2011",NA
"1510",619,"RAIA DROGASIL S.A.","2010",NA
"1511",620,"MUNDIAL S.A - PRODUTOS DE CONSUMO","2014",NA
"1512",620,"MUNDIAL S.A - PRODUTOS DE CONSUMO","2013",0
"1513",620,"MUNDIAL S.A - PRODUTOS DE CONSUMO","2012",NA
"1514",620,"MUNDIAL S.A - PRODUTOS DE CONSUMO","2011",NA
"1515",620,"MUNDIAL S.A - PRODUTOS DE CONSUMO","2010",NA
"1516",622,"WEG SA","2017",NA
"1517",622,"WEG SA","2016",2.33333333333333
"1518",622,"WEG SA","2015",2.33333333333333
"1519",622,"WEG SA","2014",3.66666666666667
"1520",622,"WEG SA","2013",0
"1521",622,"WEG SA","2012",NA
"1522",622,"WEG SA","2011",NA
"1523",622,"WEG SA","2010",NA
"1524",624,"ETERNIT S.A.- EM RECUPERAÇÃO JUDICIAL","2017",NA
"1525",624,"ETERNIT S.A.- EM RECUPERAÇÃO JUDICIAL","2016",1.85714285714286
"1526",624,"ETERNIT S.A.- EM RECUPERAÇÃO JUDICIAL","2015",1.85714285714286
"1527",624,"ETERNIT S.A.- EM RECUPERAÇÃO JUDICIAL","2014",1.28571428571429
"1528",624,"ETERNIT S.A.- EM RECUPERAÇÃO JUDICIAL","2013",0
"1529",624,"ETERNIT S.A.- EM RECUPERAÇÃO JUDICIAL","2012",NA
"1530",624,"ETERNIT S.A.- EM RECUPERAÇÃO JUDICIAL","2011",NA
"1531",624,"ETERNIT S.A.- EM RECUPERAÇÃO JUDICIAL","2010",NA
"1532",632,"FORJAS TAURUS SA","2017",NA
"1533",632,"FORJAS TAURUS SA","2016",0
"1534",632,"FORJAS TAURUS SA","2015",0
"1535",632,"FORJAS TAURUS SA","2014",2
"1536",632,"FORJAS TAURUS SA","2013",0
"1537",632,"FORJAS TAURUS SA","2012",NA
"1538",632,"FORJAS TAURUS SA","2011",NA
"1539",634,"TUPY SA","2017",NA
"1540",634,"TUPY SA","2016",0
"1541",634,"TUPY SA","2015",0
"1542",634,"TUPY SA","2014",2.33333333333333
"1543",634,"TUPY SA","2013",0
"1544",634,"TUPY SA","2012",NA
"1545",636,"VIA VAREJO S.A.","2017",NA
"1546",636,"VIA VAREJO S.A.","2016",2.5
"1547",636,"VIA VAREJO S.A.","2015",0
"1548",636,"VIA VAREJO S.A.","2014",2.5
"1549",636,"VIA VAREJO S.A.","2013",0
"1550",636,"VIA VAREJO S.A.","2012",NA
"1551",637,"HERCULES S/A - FABRICA DE TALHERES","2017",NA
"1552",637,"HERCULES S/A - FABRICA DE TALHERES","2016",4
"1553",637,"HERCULES S/A - FABRICA DE TALHERES","2015",4
"1554",637,"HERCULES S/A - FABRICA DE TALHERES","2014",4
"1555",637,"HERCULES S/A - FABRICA DE TALHERES","2013",NA
"1556",637,"HERCULES S/A - FABRICA DE TALHERES","2012",NA
"1557",637,"HERCULES S/A - FABRICA DE TALHERES","2011",NA
"1558",640,"BAHEMA SA","2014",NA
"1559",640,"BAHEMA SA","2012",0
"1560",640,"BAHEMA SA","2011",NA
"1561",640,"BAHEMA SA","2010",NA
"1562",641,"INDÚSTRIAS ROMI S.A.","2017",NA
"1563",641,"INDÚSTRIAS ROMI S.A.","2016",6.33333333333333
"1564",641,"INDÚSTRIAS ROMI S.A.","2015",6.33333333333333
"1565",641,"INDÚSTRIAS ROMI S.A.","2014",5.33333333333333
"1566",641,"INDÚSTRIAS ROMI S.A.","2013",0
"1567",641,"INDÚSTRIAS ROMI S.A.","2012",NA
"1568",641,"INDÚSTRIAS ROMI S.A.","2011",NA
"1569",641,"INDÚSTRIAS ROMI S.A.","2010",NA
"1570",643,"INEPAR SA IND E CONSTRUÇÕES - EM RECUPERAÇÃO JUDICIAL","2013",NA
"1571",643,"INEPAR SA IND E CONSTRUÇÕES - EM RECUPERAÇÃO JUDICIAL","2012",0
"1572",643,"INEPAR SA IND E CONSTRUÇÕES - EM RECUPERAÇÃO JUDICIAL","2011",NA
"1573",643,"INEPAR SA IND E CONSTRUÇÕES - EM RECUPERAÇÃO JUDICIAL","2010",NA
"1574",644,"ITAÚSA - INVESTIMENTOS ITAÚ S.A.","2015",NA
"1575",644,"ITAÚSA - INVESTIMENTOS ITAÚ S.A.","2014",1
"1576",644,"ITAÚSA - INVESTIMENTOS ITAÚ S.A.","2013",0
"1577",644,"ITAÚSA - INVESTIMENTOS ITAÚ S.A.","2012",NA
"1578",644,"ITAÚSA - INVESTIMENTOS ITAÚ S.A.","2011",NA
"1579",644,"ITAÚSA - INVESTIMENTOS ITAÚ S.A.","2010",NA
"1580",645,"JOAO FORTES ENGENHARIA SA","2017",NA
"1581",645,"JOAO FORTES ENGENHARIA SA","2016",0
"1582",645,"JOAO FORTES ENGENHARIA SA","2015",0
"1583",645,"JOAO FORTES ENGENHARIA SA","2014",0
"1584",645,"JOAO FORTES ENGENHARIA SA","2013",0
"1585",645,"JOAO FORTES ENGENHARIA SA","2012",NA
"1586",645,"JOAO FORTES ENGENHARIA SA","2011",NA
"1587",645,"JOAO FORTES ENGENHARIA SA","2010",NA
"1588",646,"KEPLER WEBER SA","2017",NA
"1589",646,"KEPLER WEBER SA","2016",0
"1590",646,"KEPLER WEBER SA","2015",0
"1591",646,"KEPLER WEBER SA","2014",1.5
"1592",646,"KEPLER WEBER SA","2013",0
"1593",646,"KEPLER WEBER SA","2012",NA
"1594",646,"KEPLER WEBER SA","2011",NA
"1595",646,"KEPLER WEBER SA","2010",NA
"1596",648,"LIGHT SERVIÇOS DE ELETRICIDADE SA","2014",NA
"1597",651,"LOJAS RENNER SA","2017",NA
"1598",651,"LOJAS RENNER SA","2016",3
"1599",651,"LOJAS RENNER SA","2015",3
"1600",651,"LOJAS RENNER SA","2014",2
"1601",651,"LOJAS RENNER SA","2013",0
"1602",651,"LOJAS RENNER SA","2012",NA
"1603",651,"LOJAS RENNER SA","2011",NA
"1604",651,"LOJAS RENNER SA","2010",NA
"1605",653,"MANGELS INDUSTRIAL S.A.","2017",NA
"1606",653,"MANGELS INDUSTRIAL S.A.","2016",0
"1607",655,"MARCOPOLO SA","2017",NA
"1608",655,"MARCOPOLO SA","2016",0.5
"1609",655,"MARCOPOLO SA","2015",0.5
"1610",655,"MARCOPOLO SA","2014",1.33333333333333
"1611",655,"MARCOPOLO SA","2013",0
"1612",655,"MARCOPOLO SA","2012",NA
"1613",655,"MARCOPOLO SA","2011",NA
"1614",655,"MARCOPOLO SA","2010",NA
"1615",658,"MAHLE METAL LEVE S.A.","2017",NA
"1616",658,"MAHLE METAL LEVE S.A.","2016",3
"1617",658,"MAHLE METAL LEVE S.A.","2015",3
"1618",658,"MAHLE METAL LEVE S.A.","2014",1.5
"1619",658,"MAHLE METAL LEVE S.A.","2012",0
"1620",658,"MAHLE METAL LEVE S.A.","2011",NA
"1621",658,"MAHLE METAL LEVE S.A.","2010",NA
"1622",661,"METALURGICA GERDAU SA","2017",NA
"1623",661,"METALURGICA GERDAU SA","2016",0
"1624",661,"METALURGICA GERDAU SA","2015",6.33333333333333
"1625",661,"METALURGICA GERDAU SA","2014",5.33333333333333
"1626",661,"METALURGICA GERDAU SA","2013",0
"1627",661,"METALURGICA GERDAU SA","2012",NA
"1628",666,"NADIR FIGUEIREDO IND E COM SA","2017",NA
"1629",666,"NADIR FIGUEIREDO IND E COM SA","2016",0
"1630",666,"NADIR FIGUEIREDO IND E COM SA","2015",0
"1631",666,"NADIR FIGUEIREDO IND E COM SA","2014",0
"1632",666,"NADIR FIGUEIREDO IND E COM SA","2013",0
"1633",666,"NADIR FIGUEIREDO IND E COM SA","2012",NA
"1634",666,"NADIR FIGUEIREDO IND E COM SA","2011",NA
"1635",666,"NADIR FIGUEIREDO IND E COM SA","2010",NA
"1636",670,"BANCO DA AMAZÔNIA S.A.","2017",NA
"1637",672,"PARANAPANEMA SA","2017",NA
"1638",672,"PARANAPANEMA SA","2016",2
"1639",672,"PARANAPANEMA SA","2015",2
"1640",672,"PARANAPANEMA SA","2014",1
"1641",672,"PARANAPANEMA SA","2013",0
"1642",672,"PARANAPANEMA SA","2012",NA
"1643",672,"PARANAPANEMA SA","2011",NA
"1644",675,"PETRÓLEO BRASILEIRO  S.A.  - PETROBRAS","2017",NA
"1645",675,"PETRÓLEO BRASILEIRO  S.A.  - PETROBRAS","2016",1.71428571428571
